timestamp,frame,source,x,y
2023-07-27T15:36:52.926260Z,16300,R,1487.9164371490479,1097.8624076843262
2023-07-27T15:36:52.942943Z,16301,R,1487.2385520935059,1097.7745292186737
2023-07-27T15:36:52.959626Z,16302,R,1486.5293998718262,1097.6555850505829
2023-07-27T15:36:52.976310Z,16303,R,1485.720160484314,1097.3971474170685
2023-07-27T15:36:52.992993Z,16304,R,1485.1044874191284,1097.3439610004425
2023-07-27T15:36:53.009676Z,16305,R,1484.5049314498901,1097.108490228653
2023-07-27T15:36:53.026360Z,16306,R,1483.931001663208,1096.9524364471436
2023-07-27T15:36:53.043043Z,16307,R,1483.450873374939,1096.798558473587
2023-07-27T15:36:53.059726Z,16308,R,1482.6972379684448,1096.486813545227
2023-07-27T15:36:53.076410Z,16309,R,1482.0341806411743,1096.291836977005
2023-07-27T15:36:53.093093Z,16310,R,1481.208501815796,1096.0324323177338
2023-07-27T15:36:53.109776Z,16311,R,1480.3135194778442,1095.5987212657928
2023-07-27T15:36:53.126460Z,16312,R,1479.5387706756592,1095.3053498268127
2023-07-27T15:36:53.143143Z,16313,R,1478.475525856018,1095.1508674621582
2023-07-27T15:36:53.159826Z,16314,R,1477.3486185073853,1094.6453547477722
2023-07-27T15:36:53.176510Z,16315,R,1476.241696357727,1094.4758834838867
2023-07-27T15:36:53.193193Z,16316,R,1475.3699226379395,1093.867261648178
2023-07-27T15:36:53.209877Z,16317,R,1474.4894456863403,1093.5256597995758
2023-07-27T15:36:53.226560Z,16318,R,1473.648133277893,1093.2127060890198
2023-07-27T15:36:53.243243Z,16319,R,1472.5418558120728,1092.5471506118774
2023-07-27T15:36:53.259927Z,16320,R,1471.9580945968628,1092.531678199768
2023-07-27T15:36:53.276610Z,16321,R,1471.1896314620972,1091.555223941803
2023-07-27T15:36:53.293293Z,16322,R,1470.5712184906006,1091.3315992355347
2023-07-27T15:36:53.309977Z,16323,R,1469.5851745605469,1090.0977952480316
2023-07-27T15:36:53.326660Z,16324,R,1468.8192901611328,1089.6849961280823
2023-07-27T15:36:53.343343Z,16325,R,1467.9185056686401,1088.6675641536713
2023-07-27T15:36:53.360027Z,16326,R,1467.0596256256104,1088.0805795192719
2023-07-27T15:36:53.376710Z,16327,R,1466.374810218811,1087.8663833141327
2023-07-27T15:36:53.393393Z,16328,R,1465.6356801986694,1087.351321220398
2023-07-27T15:36:53.410077Z,16329,R,1464.4881429672241,1087.456727027893
2023-07-27T15:36:53.426760Z,16330,R,1463.31884765625,1087.294750213623
2023-07-27T15:36:53.443443Z,16331,R,1462.2120866775513,1086.7087326049805
2023-07-27T15:36:53.460127Z,16332,R,1461.391565322876,1086.519679069519
2023-07-27T15:36:53.476810Z,16333,R,1460.6596879959106,1086.110143661499
2023-07-27T15:36:53.493493Z,16334,R,1460.017421722412,1085.8254754543304
2023-07-27T15:36:53.510177Z,16335,R,1459.1985120773315,1085.233897447586
2023-07-27T15:36:53.526860Z,16336,R,1458.5921869277954,1084.6216492652893
2023-07-27T15:36:53.543544Z,16337,R,1457.6490144729614,1084.3219921588898
2023-07-27T15:36:53.560227Z,16338,R,1456.605754852295,1083.7148208618164
2023-07-27T15:36:53.576910Z,16339,R,1455.8993425369263,1083.480196237564
2023-07-27T15:36:53.593594Z,16340,R,1454.910397529602,1082.9167828559875
2023-07-27T15:36:53.610277Z,16341,R,1454.0129976272583,1082.3659408092499
2023-07-27T15:36:53.626960Z,16342,R,1453.2904682159424,1081.8285162448883
2023-07-27T15:36:53.643644Z,16343,R,1452.4415807724,1081.2501139640808
2023-07-27T15:36:53.660327Z,16344,R,1451.4176616668701,1080.2695498466492
2023-07-27T15:36:53.677010Z,16345,R,1450.3711786270142,1079.5772802829742
2023-07-27T15:36:53.693694Z,16346,R,1449.4199476242065,1078.99174618721
2023-07-27T15:36:53.710377Z,16347,R,1448.4111785888672,1078.4301459789276
2023-07-27T15:36:53.727060Z,16348,R,1447.5626134872437,1077.7172062397003
2023-07-27T15:36:53.743744Z,16349,R,1446.5746355056763,1077.1180129051208
2023-07-27T15:36:53.760427Z,16350,R,1445.5291194915771,1076.1492948532104
2023-07-27T15:36:53.777110Z,16351,R,1445.046251296997,1075.9412634372711
2023-07-27T15:36:53.793794Z,16352,R,1444.2549018859863,1075.2402906417847
2023-07-27T15:36:53.810477Z,16353,R,1443.6658220291138,1074.6629762649536
2023-07-27T15:36:53.827160Z,16354,R,1442.8150005340576,1074.0468599796295
2023-07-27T15:36:53.843844Z,16355,R,1442.2004556655884,1073.6063797473907
2023-07-27T15:36:53.860527Z,16356,R,1441.3957290649414,1072.7650673389435
2023-07-27T15:36:53.877211Z,16357,R,1440.927043914795,1072.1659948825836
2023-07-27T15:36:53.893894Z,16358,R,1440.3439273834229,1071.3009903430939
2023-07-27T15:36:53.910577Z,16359,R,1439.8280191421509,1070.7988622188568
2023-07-27T15:36:53.927261Z,16360,R,1439.4257364273071,1070.2192511558533
2023-07-27T15:36:53.943944Z,16361,R,1438.1466836929321,1069.8713636398315
2023-07-27T15:36:53.960627Z,16362,R,1436.9994688034058,1069.6108710765839
2023-07-27T15:36:53.977311Z,16363,R,1436.2638845443726,1069.4816522598267
2023-07-27T15:36:53.993994Z,16364,R,1435.556827545166,1069.213181734085
2023-07-27T15:36:54.010677Z,16365,R,1434.7301816940308,1068.6039555072784
2023-07-27T15:36:54.027361Z,16366,R,1434.1528673171997,1068.4254183769226
2023-07-27T15:36:54.044044Z,16367,R,1433.396008491516,1067.824411869049
2023-07-27T15:36:54.060727Z,16368,R,1432.6414060592651,1067.4851067066193
2023-07-27T15:36:54.077411Z,16369,R,1432.0816593170166,1066.949132680893
2023-07-27T15:36:54.094094Z,16370,R,1431.6207103729248,1066.5278720855713
2023-07-27T15:36:54.110777Z,16371,R,1430.8466062545776,1065.8765802383423
2023-07-27T15:36:54.127461Z,16372,R,1430.3421411514282,1065.269408941269
2023-07-27T15:36:54.144144Z,16373,R,1429.5936632156372,1064.574721813202
2023-07-27T15:36:54.160827Z,16374,R,1428.9663858413696,1063.883661031723
2023-07-27T15:36:54.177511Z,16375,R,1428.327826499939,1063.0729308128357
2023-07-27T15:36:54.194194Z,16376,R,1427.6866884231567,1062.3887600898743
2023-07-27T15:36:54.210878Z,16377,R,1427.0816526412964,1061.8513355255127
2023-07-27T15:36:54.227561Z,16378,R,1426.0422611236572,1060.7472338676453
2023-07-27T15:36:54.244244Z,16379,R,1425.312156677246,1060.13148021698
2023-07-27T15:36:54.260928Z,16380,R,1424.8956909179688,1059.482001543045
2023-07-27T15:36:54.277611Z,16381,R,1424.0791988372803,1058.60635972023
2023-07-27T15:36:54.294294Z,16382,R,1423.4358043670654,1057.7141575813293
2023-07-27T15:36:54.310978Z,16383,R,1422.438961982727,1056.7001101970673
2023-07-27T15:36:54.327661Z,16384,R,1421.9024238586426,1055.9290280342102
2023-07-27T15:36:54.344344Z,16385,R,1421.127836227417,1054.9790461063385
2023-07-27T15:36:54.361028Z,16386,R,1420.5439138412476,1054.06170129776
2023-07-27T15:36:54.377711Z,16387,R,1419.9527387619019,1053.3191463947296
2023-07-27T15:36:54.394394Z,16388,R,1419.2052278518677,1052.3868126869202
2023-07-27T15:36:54.411078Z,16389,R,1418.6477375030518,1051.5829725265503
2023-07-27T15:36:54.427761Z,16390,R,1417.8820142745972,1050.5540571212769
2023-07-27T15:36:54.444444Z,16391,R,1417.261344909668,1049.5498008728027
2023-07-27T15:36:54.461128Z,16392,R,1416.6140823364258,1048.5529181957245
2023-07-27T15:36:54.477811Z,16393,R,1416.0841522216797,1047.6995179653168
2023-07-27T15:36:54.494494Z,16394,R,1415.2984437942505,1046.4232857227325
2023-07-27T15:36:54.511178Z,16395,R,1414.544002532959,1045.4260404109955
2023-07-27T15:36:54.527861Z,16396,R,1414.0058526992798,1044.3528835773468
2023-07-27T15:36:54.544545Z,16397,R,1413.5178270339966,1043.25772690773
2023-07-27T15:36:54.561228Z,16398,R,1413.0900793075562,1042.3093163967133
2023-07-27T15:36:54.577911Z,16399,R,1412.5145378112793,1041.1655666828156
2023-07-27T15:36:54.594595Z,16400,R,1412.2526350021362,1040.156837940216
2023-07-27T15:36:54.611278Z,16401,R,1411.2308111190796,1039.3088772296906
2023-07-27T15:36:54.627961Z,16402,R,1410.3896598815918,1038.4119608402252
2023-07-27T15:36:54.644645Z,16403,R,1409.4638938903809,1037.262529850006
2023-07-27T15:36:54.661328Z,16404,R,1408.7062292099,1036.3381741046906
2023-07-27T15:36:54.678011Z,16405,R,1408.1534128189087,1035.4122469425201
2023-07-27T15:36:54.694695Z,16406,R,1407.7063245773315,1034.4432871341705
2023-07-27T15:36:54.711378Z,16407,R,1407.2153978347778,1033.3532073497772
2023-07-27T15:36:54.728061Z,16408,R,1406.5681352615356,1032.465719461441
2023-07-27T15:36:54.744745Z,16409,R,1405.8438329696655,1031.1080152988434
2023-07-27T15:36:54.761428Z,16410,R,1405.2072076797485,1029.906727552414
2023-07-27T15:36:54.778111Z,16411,R,1405.1087322235107,1029.271028995514
2023-07-27T15:36:54.794795Z,16412,R,1404.4556674957275,1028.1394879817963
2023-07-27T15:36:54.811478Z,16413,R,1404.0867471694946,1026.889244556427
2023-07-27T15:36:54.828161Z,16414,R,1403.772786140442,1025.8523511886597
2023-07-27T15:36:54.844845Z,16415,R,1403.4235286712646,1024.7153706550598
2023-07-27T15:36:54.861528Z,16416,R,1403.1866073608398,1023.6401588916779
2023-07-27T15:36:54.878212Z,16417,R,1402.5359601974487,1022.4924201965332
2023-07-27T15:36:54.894895Z,16418,R,1401.9009466171265,1021.2760226726532
2023-07-27T15:36:54.911578Z,16419,R,1401.4741659164429,1020.2287337779999
2023-07-27T15:36:54.928262Z,16420,R,1401.0855827331543,1019.1502583026886
2023-07-27T15:36:54.944945Z,16421,R,1400.3385553359985,1017.7132580280304
2023-07-27T15:36:54.961628Z,16422,R,1400.217354774475,1016.9757800102234
2023-07-27T15:36:54.978312Z,16423,R,1399.71160030365,1015.8898100852966
2023-07-27T15:36:54.994995Z,16424,R,1399.3676614761353,1014.8659715652466
2023-07-27T15:36:55.011678Z,16425,R,1398.9776277542114,1013.7180515527725
2023-07-27T15:36:55.028362Z,16426,R,1398.9491004943848,1012.8506294488907
2023-07-27T15:36:55.045045Z,16427,R,1398.826771736145,1011.9176913499832
2023-07-27T15:36:55.061728Z,16428,R,1398.4757413864136,1010.8426004648209
2023-07-27T15:36:55.078412Z,16429,R,1398.4207820892334,1010.1205948591232
2023-07-27T15:36:55.095095Z,16430,R,1398.1774139404297,1009.220596075058
2023-07-27T15:36:55.111778Z,16431,R,1398.2836256027222,1008.467826962471
2023-07-27T15:36:55.128462Z,16432,R,1398.087158203125,1007.304011464119
2023-07-27T15:36:55.145145Z,16433,R,1398.186761856079,1006.6223791837692
2023-07-27T15:36:55.161828Z,16434,R,1397.4378004074097,1005.3457843065262
2023-07-27T15:36:55.178512Z,16435,R,1397.642165184021,1004.8671065568924
2023-07-27T15:36:55.195195Z,16436,R,1397.4160423278809,1003.7433017492294
2023-07-27T15:36:55.211879Z,16437,R,1397.2347249984741,1002.9015662670135
2023-07-27T15:36:55.228562Z,16438,R,1397.241494178772,1001.9488645792007
2023-07-27T15:36:55.245245Z,16439,R,1397.3106365203857,1001.1731286048889
2023-07-27T15:36:55.261929Z,16440,R,1397.3905773162842,1000.3616126775742
2023-07-27T15:36:55.278612Z,16441,R,1397.1447916030884,999.1860719919205
2023-07-27T15:36:55.295295Z,16442,R,1397.070008277893,998.0290256738663
2023-07-27T15:36:55.311979Z,16443,R,1396.7963399887085,997.0497912168503
2023-07-27T15:36:55.328662Z,16444,R,1397.1992673873901,996.1120784282684
2023-07-27T15:36:55.345345Z,16445,R,1397.265025138855,994.899790763855
2023-07-27T15:36:55.362029Z,16446,R,1397.7034101486206,994.083137512207
2023-07-27T15:36:55.378712Z,16447,R,1397.8923025131226,992.9848380088806
2023-07-27T15:36:55.395395Z,16448,R,1398.1587181091309,991.7669899463654
2023-07-27T15:36:55.412079Z,16449,R,1397.4479541778564,990.7733105421066
2023-07-27T15:36:55.428762Z,16450,R,1397.2822704315186,989.932421207428
2023-07-27T15:36:55.445445Z,16451,R,1397.004895210266,989.0691694021225
2023-07-27T15:36:55.462129Z,16452,R,1396.9333353042603,988.0091882944107
2023-07-27T15:36:55.478812Z,16453,R,1396.6517696380615,987.1144477128983
2023-07-27T15:36:55.495495Z,16454,R,1396.9849100112915,986.1042079925537
2023-07-27T15:36:55.512179Z,16455,R,1396.5089721679688,985.0112271308899
2023-07-27T15:36:55.528862Z,16456,R,1396.530891418457,983.873944401741
2023-07-27T15:36:55.545546Z,16457,R,1396.5374994277954,982.7581779956818
2023-07-27T15:36:55.562229Z,16458,R,1396.6790075302124,981.6843563318253
2023-07-27T15:36:55.578912Z,16459,R,1396.5579681396484,980.5781997442245
2023-07-27T15:36:55.595596Z,16460,R,1396.672721862793,979.3926261663437
2023-07-27T15:36:55.612279Z,16461,R,1396.7407360076904,978.2294150590897
2023-07-27T15:36:55.628962Z,16462,R,1397.250680923462,977.3543171882629
2023-07-27T15:36:55.645646Z,16463,R,1397.2692155838013,976.1602216959
2023-07-27T15:36:55.662329Z,16464,R,1397.5264444351196,974.9643130302429
2023-07-27T15:36:55.679012Z,16465,R,1397.8004350662231,973.4737032651901
2023-07-27T15:36:55.695696Z,16466,R,1398.1350259780884,972.3020911216736
2023-07-27T15:36:55.712379Z,16467,R,1398.7463474273682,971.1367646455765
2023-07-27T15:36:55.729062Z,16468,R,1399.0545063018799,969.6987973451614
2023-07-27T15:36:55.745746Z,16469,R,1399.7235269546509,968.4544769525528
2023-07-27T15:36:55.762429Z,16470,R,1400.295039176941,967.234030008316
2023-07-27T15:36:55.779112Z,16471,R,1400.8831520080566,966.0416872501373
2023-07-27T15:36:55.795796Z,16472,R,1401.372628211975,964.702840089798
2023-07-27T15:36:55.812479Z,16473,R,1401.099765777588,963.7788469791412
2023-07-27T15:36:55.829162Z,16474,R,1400.8675184249878,962.8766723871231
2023-07-27T15:36:55.845846Z,16475,R,1400.936821937561,961.8078067302704
2023-07-27T15:36:55.862529Z,16476,R,1401.3092880249023,960.8074790239334
2023-07-27T15:36:55.879213Z,16477,R,1401.3685989379883,959.7115970849991
2023-07-27T15:36:55.895896Z,16478,R,1401.6583843231201,958.6953134536743
2023-07-27T15:36:55.912579Z,16479,R,1401.8849906921387,957.6989142894745
2023-07-27T15:36:55.929263Z,16480,R,1401.9081993103027,956.6047850847244
2023-07-27T15:36:55.945946Z,16481,R,1402.3644742965698,955.4528156518936
2023-07-27T15:36:55.962629Z,16482,R,1402.4916381835938,954.3219999074936
2023-07-27T15:36:55.979313Z,16483,R,1403.020278930664,953.5180388689041
2023-07-27T15:36:55.995996Z,16484,R,1403.2409219741821,952.5936831235886
2023-07-27T15:36:56.012679Z,16485,R,1403.409023284912,951.7204588651657
2023-07-27T15:36:56.029363Z,16486,R,1403.9690923690796,950.9466569423676
2023-07-27T15:36:56.046046Z,16487,R,1404.0185718536377,950.113987326622
2023-07-27T15:36:56.062729Z,16488,R,1404.3542909622192,949.3456853628159
2023-07-27T15:36:56.079413Z,16489,R,1404.2335739135742,948.6207182407379
2023-07-27T15:36:56.096096Z,16490,R,1404.3607378005981,947.9598165750504
2023-07-27T15:36:56.112779Z,16491,R,1404.4464807510376,947.3611067533493
2023-07-27T15:36:56.129463Z,16492,R,1404.5457620620728,946.5236020088196
2023-07-27T15:36:56.146146Z,16493,R,1405.0758533477783,945.9952433109283
2023-07-27T15:36:56.162829Z,16494,R,1405.3127746582031,945.2748091220856
2023-07-27T15:36:56.179513Z,16495,R,1405.4687881469727,944.2379157543182
2023-07-27T15:36:56.196196Z,16496,R,1405.799994468689,943.4356470108032
2023-07-27T15:36:56.212880Z,16497,R,1405.8554372787476,942.370589017868
2023-07-27T15:36:56.229563Z,16498,R,1406.212914466858,941.4599529504776
2023-07-27T15:36:56.246246Z,16499,R,1406.6095561981201,940.3803291320801
2023-07-27T15:36:56.262930Z,16500,R,1407.1043510437012,939.587851524353
2023-07-27T15:36:56.279613Z,16501,R,1407.4781064987183,938.3999812602997
2023-07-27T15:36:56.296296Z,16502,R,1408.2293243408203,937.5754104852676
2023-07-27T15:36:56.312980Z,16503,R,1408.822916984558,936.5299347639084
2023-07-27T15:36:56.329663Z,16504,R,1409.5198202133179,935.4443274736404
2023-07-27T15:36:56.346346Z,16505,R,1409.572039604187,934.4562084674835
2023-07-27T15:36:56.363030Z,16506,R,1409.622163772583,933.4237271547318
2023-07-27T15:36:56.379713Z,16507,R,1410.005750656128,932.4072622060776
2023-07-27T15:36:56.396396Z,16508,R,1410.665906906128,931.223139166832
2023-07-27T15:36:56.413080Z,16509,R,1411.304949760437,930.1533669233322
2023-07-27T15:36:56.429763Z,16510,R,1412.1265993118286,928.9423484802246
2023-07-27T15:36:56.446446Z,16511,R,1412.902153968811,927.7558078765869
2023-07-27T15:36:56.463130Z,16512,R,1413.837106704712,926.5351796150208
2023-07-27T15:36:56.479813Z,16513,R,1413.7926235198975,925.4017649888992
2023-07-27T15:36:56.496496Z,16514,R,1413.9794206619263,924.2377681732178
2023-07-27T15:36:56.513180Z,16515,R,1414.821538925171,923.4362246990204
2023-07-27T15:36:56.529863Z,16516,R,1415.572756767273,922.2446676492691
2023-07-27T15:36:56.546547Z,16517,R,1416.5910348892212,921.3022406101227
2023-07-27T15:36:56.563230Z,16518,R,1417.6450929641724,920.0729695558548
2023-07-27T15:36:56.579913Z,16519,R,1418.6894807815552,919.1476467847824
2023-07-27T15:36:56.596597Z,16520,R,1419.8202562332153,918.1337202787399
2023-07-27T15:36:56.613280Z,16521,R,1419.9632148742676,917.4238024950027
2023-07-27T15:36:56.629963Z,16522,R,1420.4104642868042,916.7419888973236
2023-07-27T15:36:56.646647Z,16523,R,1421.122356414795,916.0604774951935
2023-07-27T15:36:56.663330Z,16524,R,1421.9934854507446,915.3929275274277
2023-07-27T15:36:56.680013Z,16525,R,1422.5741844177246,914.4175007343292
2023-07-27T15:36:56.696697Z,16526,R,1423.5528144836426,913.722874045372
2023-07-27T15:36:56.713380Z,16527,R,1424.531928062439,912.9448413848877
2023-07-27T15:36:56.730063Z,16528,R,1425.5231294631958,912.2140116691589
2023-07-27T15:36:56.746747Z,16529,R,1425.999873161316,911.6778563261032
2023-07-27T15:36:56.763430Z,16530,R,1426.6244106292725,911.0226359367371
2023-07-27T15:36:56.780113Z,16531,R,1427.1092128753662,910.4100251197815
2023-07-27T15:36:56.796797Z,16532,R,1427.953748703003,909.8838422298431
2023-07-27T15:36:56.813480Z,16533,R,1428.8521156311035,909.3111816644669
2023-07-27T15:36:56.830163Z,16534,R,1429.5994653701782,908.6568074226379
2023-07-27T15:36:56.846847Z,16535,R,1430.5457000732422,908.1152125597
2023-07-27T15:36:56.863530Z,16536,R,1431.200698852539,907.3867399692535
2023-07-27T15:36:56.880214Z,16537,R,1431.7747898101807,907.1263078451157
2023-07-27T15:36:56.896897Z,16538,R,1432.2623319625854,906.7391349077225
2023-07-27T15:36:56.913580Z,16539,R,1433.157958984375,906.4365767240524
2023-07-27T15:36:56.930264Z,16540,R,1433.7484893798828,905.8743721246719
2023-07-27T15:36:56.946947Z,16541,R,1434.6981086730957,905.3582221269608
2023-07-27T15:36:56.963630Z,16542,R,1435.353268623352,904.8039954900742
2023-07-27T15:36:56.980314Z,16543,R,1436.128984451294,904.3333561420441
2023-07-27T15:36:56.996997Z,16544,R,1436.5551204681396,903.9398975372314
2023-07-27T15:36:57.013680Z,16545,R,1437.0781202316284,903.711437702179
2023-07-27T15:36:57.030364Z,16546,R,1437.8277263641357,903.5160380601883
2023-07-27T15:36:57.047047Z,16547,R,1438.4288940429688,903.0867995023727
2023-07-27T15:36:57.063730Z,16548,R,1439.3556270599365,902.7554723024368
2023-07-27T15:36:57.080414Z,16549,R,1440.2913856506348,902.4796282052994
2023-07-27T15:36:57.097097Z,16550,R,1441.2311735153198,902.2173224687576
2023-07-27T15:36:57.113780Z,16551,R,1442.1230936050415,901.8267649412155
2023-07-27T15:36:57.130464Z,16552,R,1443.1750564575195,901.5190089941025
2023-07-27T15:36:57.147147Z,16553,R,1444.2495832443237,901.4783334732056
2023-07-27T15:36:57.163830Z,16554,R,1445.2451362609863,901.1603028774261
2023-07-27T15:36:57.180514Z,16555,R,1446.270344734192,900.775245308876
2023-07-27T15:36:57.197197Z,16556,R,1447.074104309082,900.3236442804337
2023-07-27T15:36:57.213881Z,16557,R,1448.1927919387817,900.0172179937363
2023-07-27T15:36:57.230564Z,16558,R,1449.263611793518,899.9287955760956
2023-07-27T15:36:57.247247Z,16559,R,1450.4071197509766,899.6907259225845
2023-07-27T15:36:57.263931Z,16560,R,1451.4585990905762,899.2732729911804
2023-07-27T15:36:57.280614Z,16561,R,1452.0705652236938,899.2575588226318
2023-07-27T15:36:57.297297Z,16562,R,1452.4933166503906,899.0150166749954
2023-07-27T15:36:57.313981Z,16563,R,1453.3937788009644,898.9635829925537
2023-07-27T15:36:57.330664Z,16564,R,1454.2244539260864,898.8117599487305
2023-07-27T15:36:57.347347Z,16565,R,1455.3626432418823,898.8263257741928
2023-07-27T15:36:57.364031Z,16566,R,1456.4178295135498,898.8010017871857
2023-07-27T15:36:57.380714Z,16567,R,1457.3806648254395,898.6527446508408
2023-07-27T15:36:57.397397Z,16568,R,1458.5543117523193,898.4902238845825
2023-07-27T15:36:57.414081Z,16569,R,1459.9342575073242,898.4337737560272
2023-07-27T15:36:57.430764Z,16570,R,1460.9934730529785,898.4098398685455
2023-07-27T15:36:57.447447Z,16571,R,1462.4330520629883,898.3901971578598
2023-07-27T15:36:57.464131Z,16572,R,1463.896162033081,898.364450097084
2023-07-27T15:36:57.480814Z,16573,R,1465.3033456802368,898.523707151413
2023-07-27T15:36:57.497497Z,16574,R,1466.8878173828125,898.4309331178665
2023-07-27T15:36:57.514181Z,16575,R,1468.408143043518,898.5733880996704
2023-07-27T15:36:57.530864Z,16576,R,1470.0872220993042,898.6671895980835
2023-07-27T15:36:57.547548Z,16577,R,1471.446376800537,898.8558804988861
2023-07-27T15:36:57.564231Z,16578,R,1473.0126361846924,899.0356868505478
2023-07-27T15:36:57.580914Z,16579,R,1474.6843013763428,899.1897461414337
2023-07-27T15:36:57.597598Z,16580,R,1476.4744272232056,899.2933992147446
2023-07-27T15:36:57.614281Z,16581,R,1478.042137145996,899.3380637168884
2023-07-27T15:36:57.630964Z,16582,R,1479.742974281311,899.175905585289
2023-07-27T15:36:57.647648Z,16583,R,1481.4662141799927,899.287476181984
2023-07-27T15:36:57.664331Z,16584,R,1483.3609399795532,899.363871216774
2023-07-27T15:36:57.681014Z,16585,R,1484.34907913208,899.5542544126511
2023-07-27T15:36:57.697698Z,16586,R,1485.4859790802002,899.8500434160233
2023-07-27T15:36:57.714381Z,16587,R,1487.010172843933,900.0054928064346
2023-07-27T15:36:57.731064Z,16588,R,1488.339672088623,899.9468668699265
2023-07-27T15:36:57.747748Z,16589,R,1490.096113204956,900.1033437252045
2023-07-27T15:36:57.764431Z,16590,R,1491.6660795211792,899.914592385292
2023-07-27T15:36:57.781114Z,16591,R,1493.5580654144287,900.1543543338776
2023-07-27T15:36:57.797798Z,16592,R,1495.333685874939,900.2634469270706
2023-07-27T15:36:57.814481Z,16593,R,1496.5821161270142,900.241024017334
2023-07-27T15:36:57.831164Z,16594,R,1497.7896089553833,900.1795574426651
2023-07-27T15:36:57.847848Z,16595,R,1499.4113111495972,900.3649241924286
2023-07-27T15:36:57.864531Z,16596,R,1500.8173666000366,900.3211662769318
2023-07-27T15:36:57.881215Z,16597,R,1502.4406805038452,900.3341002464294
2023-07-27T15:36:57.897898Z,16598,R,1503.9787349700928,900.457093834877
2023-07-27T15:36:57.914581Z,16599,R,1505.7973880767822,900.6118783950806
2023-07-27T15:36:57.931265Z,16600,R,1507.455514907837,900.7244160175323
2023-07-27T15:36:57.947948Z,16601,R,1508.575008392334,900.8740028142929
2023-07-27T15:36:57.964631Z,16602,R,1509.9791297912598,901.1477315425873
2023-07-27T15:36:57.981315Z,16603,R,1511.421932220459,901.0313258171082
2023-07-27T15:36:57.997998Z,16604,R,1512.8882656097412,901.258758187294
2023-07-27T15:36:58.014681Z,16605,R,1514.2195377349854,901.511514544487
2023-07-27T15:36:58.031365Z,16606,R,1515.7052116394043,901.5483219623566
2023-07-27T15:36:58.048048Z,16607,R,1517.2345628738403,901.6339037418365
2023-07-27T15:36:58.064731Z,16608,R,1518.821452140808,901.7856059074402
2023-07-27T15:36:58.081415Z,16609,R,1520.0737504959106,902.1675810813904
2023-07-27T15:36:58.098098Z,16610,R,1521.483835220337,902.5767538547516
2023-07-27T15:36:58.114781Z,16611,R,1522.652808189392,902.6068525314331
2023-07-27T15:36:58.131465Z,16612,R,1524.1405773162842,902.7699172496796
2023-07-27T15:36:58.148148Z,16613,R,1525.6001415252686,902.9992836713791
2023-07-27T15:36:58.164831Z,16614,R,1527.0519695281982,903.2808694839478
2023-07-27T15:36:58.181515Z,16615,R,1528.6398258209229,903.4069454669952
2023-07-27T15:36:58.198198Z,16616,R,1530.275227546692,903.7930909395218
2023-07-27T15:36:58.214882Z,16617,R,1531.4300174713135,904.400020480156
2023-07-27T15:36:58.231565Z,16618,R,1532.5751371383667,904.719078540802
2023-07-27T15:36:58.248248Z,16619,R,1533.911889076233,905.1575038433075
2023-07-27T15:36:58.264932Z,16620,R,1535.3279371261597,905.2201187610626
2023-07-27T15:36:58.281615Z,16621,R,1536.9298152923584,905.649417757988
2023-07-27T15:36:58.298298Z,16622,R,1538.49720287323,906.0312116146088
2023-07-27T15:36:58.314982Z,16623,R,1540.0924730300903,906.4382085800171
2023-07-27T15:36:58.331665Z,16624,R,1541.6840362548828,906.8617054224014
2023-07-27T15:36:58.348348Z,16625,R,1542.6002931594849,907.8455332517624
2023-07-27T15:36:58.365032Z,16626,R,1543.6329154968262,908.5271050930023
2023-07-27T15:36:58.381715Z,16627,R,1544.7224311828613,909.1066557168961
2023-07-27T15:36:58.398398Z,16628,R,1546.1223621368408,909.8249745368958
2023-07-27T15:36:58.415082Z,16629,R,1547.780327796936,910.7036383152008
2023-07-27T15:36:58.431765Z,16630,R,1549.4079933166504,911.4275779724121
2023-07-27T15:36:58.448448Z,16631,R,1551.1115703582764,912.2300280332565
2023-07-27T15:36:58.465132Z,16632,R,1552.6186800003052,912.830732345581
2023-07-27T15:36:58.481815Z,16633,R,1553.7227010726929,913.6797205209732
2023-07-27T15:36:58.498498Z,16634,R,1554.6613607406616,914.5128736495972
2023-07-27T15:36:58.515182Z,16635,R,1555.5083141326904,915.0498751401901
2023-07-27T15:36:58.531865Z,16636,R,1556.7346639633179,915.8538966178894
2023-07-27T15:36:58.548549Z,16637,R,1557.9685888290405,916.4879633188248
2023-07-27T15:36:58.565232Z,16638,R,1559.4724750518799,917.3354405164719
2023-07-27T15:36:58.581915Z,16639,R,1560.7705459594727,918.2290931940079
2023-07-27T15:36:58.598599Z,16640,R,1562.2278537750244,919.1723663806915
2023-07-27T15:36:58.615282Z,16641,R,1562.8440103530884,919.6263245344162
2023-07-27T15:36:58.631965Z,16642,R,1564.0163679122925,920.4997301101685
2023-07-27T15:36:58.648649Z,16643,R,1565.9299507141113,921.2730485200882
2023-07-27T15:36:58.665332Z,16644,R,1567.0033493041992,922.0035156011581
2023-07-27T15:36:58.682015Z,16645,R,1568.315764427185,922.9169318675995
2023-07-27T15:36:58.698699Z,16646,R,1569.5348615646362,923.8453370332718
2023-07-27T15:36:58.715382Z,16647,R,1570.8546905517578,924.646336555481
2023-07-27T15:36:58.732065Z,16648,R,1572.0689525604248,925.557093501091
2023-07-27T15:36:58.748749Z,16649,R,1572.8688440322876,926.6410689353943
2023-07-27T15:36:58.765432Z,16650,R,1573.638596534729,927.5080075263977
2023-07-27T15:36:58.782115Z,16651,R,1574.6167430877686,928.5783841609955
2023-07-27T15:36:58.798799Z,16652,R,1575.7992544174194,929.598112821579
2023-07-27T15:36:58.815482Z,16653,R,1576.8724918365479,930.6909728050232
2023-07-27T15:36:58.832165Z,16654,R,1578.7243461608887,932.1789836883545
2023-07-27T15:36:58.848849Z,16655,R,1579.8188581466675,933.243014216423
2023-07-27T15:36:58.865532Z,16656,R,1581.0257062911987,934.4027198553085
2023-07-27T15:36:58.882216Z,16657,R,1581.7856273651123,935.5294861793518
2023-07-27T15:36:58.898899Z,16658,R,1582.6981773376465,936.6931203603745
2023-07-27T15:36:58.915582Z,16659,R,1583.473731994629,937.885825753212
2023-07-27T15:36:58.932266Z,16660,R,1584.5136070251465,939.0727894306183
2023-07-27T15:36:58.948949Z,16661,R,1585.3731317520142,940.3646754026413
2023-07-27T15:36:58.965632Z,16662,R,1586.3314542770386,941.7341047525406
2023-07-27T15:36:58.982316Z,16663,R,1587.0493097305298,942.9041454792023
2023-07-27T15:36:58.998999Z,16664,R,1588.0356760025024,944.2451080083847
2023-07-27T15:36:59.015682Z,16665,R,1589.0583057403564,945.5125765800476
2023-07-27T15:36:59.032366Z,16666,R,1590.2235717773438,947.1408061981201
2023-07-27T15:36:59.049049Z,16667,R,1591.1615867614746,948.2533088922501
2023-07-27T15:36:59.065732Z,16668,R,1592.13796043396,949.6504193544388
2023-07-27T15:36:59.082416Z,16669,R,1593.2215127944946,951.0904415845871
2023-07-27T15:36:59.099099Z,16670,R,1594.2209339141846,952.4896069765091
2023-07-27T15:36:59.115782Z,16671,R,1595.2247066497803,953.7098121643066
2023-07-27T15:36:59.132466Z,16672,R,1596.5213270187378,955.6894347667694
2023-07-27T15:36:59.149149Z,16673,R,1597.1339378356934,956.9749141931534
2023-07-27T15:36:59.165832Z,16674,R,1597.7383289337158,958.5627100467682
2023-07-27T15:36:59.182516Z,16675,R,1598.417664527893,960.1494784355164
2023-07-27T15:36:59.199199Z,16676,R,1599.0043268203735,961.1571192741394
2023-07-27T15:36:59.215883Z,16677,R,1599.5263595581055,962.4135879278183
2023-07-27T15:36:59.232566Z,16678,R,1599.9318656921387,964.7646088600159
2023-07-27T15:36:59.249249Z,16679,R,1600.4092540740967,965.9819129705429
2023-07-27T15:36:59.265933Z,16680,R,1600.9219388961792,967.6158238649368
2023-07-27T15:36:59.282616Z,16681,R,1601.6439847946167,969.1490432024002
2023-07-27T15:36:59.299299Z,16682,R,1602.2604637145996,970.5162363052368
2023-07-27T15:36:59.315983Z,16683,R,1602.555567741394,970.9424529075623
2023-07-27T15:36:59.332666Z,16684,R,1603.0750217437744,972.8466475009918
2023-07-27T15:36:59.349349Z,16685,R,1603.8099613189697,974.3930425643921
2023-07-27T15:36:59.366033Z,16686,R,1604.467861175537,976.285209774971
2023-07-27T15:36:59.382716Z,16687,R,1605.0363111495972,978.2056624889374
2023-07-27T15:36:59.399399Z,16688,R,1605.3904037475586,979.1141831874847
2023-07-27T15:36:59.416083Z,16689,R,1605.6165266036987,980.6929131746292
2023-07-27T15:36:59.432766Z,16690,R,1605.853931427002,981.8758274316788
2023-07-27T15:36:59.449449Z,16691,R,1605.9399967193604,983.2288173437119
2023-07-27T15:36:59.466133Z,16692,R,1605.954502105713,984.9116839170456
2023-07-27T15:36:59.482816Z,16693,R,1605.8692426681519,985.0254907608032
2023-07-27T15:36:59.499499Z,16694,R,1606.1680536270142,986.8925153017044
2023-07-27T15:36:59.516183Z,16695,R,1606.210280418396,988.3091475963593
2023-07-27T15:36:59.532866Z,16696,R,1606.4081983566284,989.4889794588089
2023-07-27T15:36:59.549550Z,16697,R,1606.5559921264648,990.9106281995773
2023-07-27T15:36:59.566233Z,16698,R,1606.5609884262085,992.2260854244232
2023-07-27T15:36:59.582916Z,16699,R,1606.6336765289307,993.6172728538513
2023-07-27T15:36:59.599600Z,16700,R,1606.5795230865479,994.7279623746872
2023-07-27T15:36:59.616283Z,16701,R,1606.5624389648438,995.905316233635
2023-07-27T15:36:59.632966Z,16702,R,1606.4879779815674,997.2142460346222
2023-07-27T15:36:59.649650Z,16703,R,1606.3675832748413,998.4312479496002
2023-07-27T15:36:59.666333Z,16704,R,1606.14790725708,999.7907048463821
2023-07-27T15:36:59.683016Z,16705,R,1605.8695650100708,1001.0102452039719
2023-07-27T15:36:59.699700Z,16706,R,1605.5668859481812,1002.6253595352173
2023-07-27T15:36:59.716383Z,16707,R,1605.2369689941406,1003.8620645999908
2023-07-27T15:36:59.733066Z,16708,R,1605.0504941940308,1005.1537692546844
2023-07-27T15:36:59.749750Z,16709,R,1604.8111553192139,1006.6037034988403
2023-07-27T15:36:59.766433Z,16710,R,1604.7258958816528,1007.8883367776871
2023-07-27T15:36:59.783116Z,16711,R,1604.5368423461914,1009.22609603405
2023-07-27T15:36:59.799800Z,16712,R,1604.3956565856934,1010.6889642477036
2023-07-27T15:36:59.816483Z,16713,R,1603.811411857605,1011.9436197280884
2023-07-27T15:36:59.833166Z,16714,R,1603.3351516723633,1013.0630124807358
2023-07-27T15:36:59.849850Z,16715,R,1603.2581119537354,1014.9258062839508
2023-07-27T15:36:59.866533Z,16716,R,1603.1614093780518,1016.3211035728455
2023-07-27T15:36:59.883217Z,16717,R,1603.1054830551147,1017.6187312602997
2023-07-27T15:36:59.899900Z,16718,R,1603.1003255844116,1019.1652472019196
2023-07-27T15:36:59.916583Z,16719,R,1603.301305770874,1020.6504778862
2023-07-27T15:36:59.933267Z,16720,R,1603.2589178085327,1022.0484344959259
2023-07-27T15:36:59.949950Z,16721,R,1602.3510417938232,1023.6243238449097
2023-07-27T15:36:59.966633Z,16722,R,1601.7326288223267,1025.1008512973785
2023-07-27T15:36:59.983317Z,16723,R,1600.9404735565186,1026.0844373703003
2023-07-27T15:37:00.000000Z,16724,R,1600.5149822235107,1027.5911843776703
2023-07-27T15:37:00.016683Z,16725,R,1599.9433088302612,1028.6761872768402
2023-07-27T15:37:00.033367Z,16726,R,1599.5502128601074,1029.9782874584198
2023-07-27T15:37:00.050050Z,16727,R,1599.1144065856934,1031.089158296585
2023-07-27T15:37:00.066733Z,16728,R,1598.6147766113281,1032.3152260780334
2023-07-27T15:37:00.083417Z,16729,R,1598.22909450531,1033.8905110359192
2023-07-27T15:37:00.100100Z,16730,R,1597.41614818573,1034.918701171875
2023-07-27T15:37:00.116783Z,16731,R,1596.7295598983765,1036.0512092113495
2023-07-27T15:37:00.133467Z,16732,R,1596.1740036010742,1037.4136276245117
2023-07-27T15:37:00.150150Z,16733,R,1595.5454368591309,1038.4091806411743
2023-07-27T15:37:00.166834Z,16734,R,1594.9018812179565,1039.841466665268
2023-07-27T15:37:00.183517Z,16735,R,1594.1284217834473,1040.8370196819305
2023-07-27T15:37:00.200200Z,16736,R,1593.4816427230835,1042.348239183426
2023-07-27T15:37:00.216884Z,16737,R,1593.0437412261963,1043.3663964271545
2023-07-27T15:37:00.233567Z,16738,R,1592.343614578247,1044.3250815868378
2023-07-27T15:37:00.250250Z,16739,R,1591.5867557525635,1045.3798649311066
2023-07-27T15:37:00.266934Z,16740,R,1590.8342485427856,1046.4990763664246
2023-07-27T15:37:00.283617Z,16741,R,1590.2245388031006,1047.7823195457458
2023-07-27T15:37:00.300300Z,16742,R,1589.3195638656616,1048.5288634300232
2023-07-27T15:37:00.316984Z,16743,R,1588.659568786621,1049.7787442207336
2023-07-27T15:37:00.333667Z,16744,R,1587.7389602661133,1050.708055973053
2023-07-27T15:37:00.350350Z,16745,R,1587.277527809143,1051.5416321754456
2023-07-27T15:37:00.367034Z,16746,R,1586.4811820983887,1052.2150447368622
2023-07-27T15:37:00.383717Z,16747,R,1585.739956855774,1052.946478843689
2023-07-27T15:37:00.400400Z,16748,R,1585.0520792007446,1053.6822645664215
2023-07-27T15:37:00.417084Z,16749,R,1584.3803186416626,1054.5026650428772
2023-07-27T15:37:00.433767Z,16750,R,1583.848132133484,1055.112133026123
2023-07-27T15:37:00.450450Z,16751,R,1583.2777481079102,1055.7712819576263
2023-07-27T15:37:00.467134Z,16752,R,1582.73685836792,1056.4405846595764
2023-07-27T15:37:00.483817Z,16753,R,1581.1788187026978,1057.666289806366
2023-07-27T15:37:00.500501Z,16754,R,1579.7360162734985,1058.7475454807281
2023-07-27T15:37:00.517184Z,16755,R,1578.504186630249,1059.3411784172058
2023-07-27T15:37:00.533867Z,16756,R,1577.3102321624756,1060.182853460312
2023-07-27T15:37:00.550551Z,16757,R,1576.3981657028198,1060.9636058807373
2023-07-27T15:37:00.567234Z,16758,R,1575.306715965271,1061.7643032073975
2023-07-27T15:37:00.583917Z,16759,R,1574.1659479141235,1062.600055217743
2023-07-27T15:37:00.600601Z,16760,R,1573.1926364898682,1063.4000272750854
2023-07-27T15:37:00.617284Z,16761,R,1572.1717796325684,1064.1817467212677
2023-07-27T15:37:00.633967Z,16762,R,1571.1030550003052,1065.0506193637848
2023-07-27T15:37:00.650651Z,16763,R,1570.0586671829224,1065.6895816326141
2023-07-27T15:37:00.667334Z,16764,R,1568.955129623413,1066.1629407405853
2023-07-27T15:37:00.684017Z,16765,R,1567.9337892532349,1066.6956510543823
2023-07-27T15:37:00.700701Z,16766,R,1566.8705444335938,1067.2218339443207
2023-07-27T15:37:00.717384Z,16767,R,1565.7850580215454,1068.0069379806519
2023-07-27T15:37:00.734067Z,16768,R,1564.7339010238647,1068.6675374507904
2023-07-27T15:37:00.750751Z,16769,R,1563.56476688385,1069.1168417930603
2023-07-27T15:37:00.767434Z,16770,R,1562.5152215957642,1069.7221999168396
2023-07-27T15:37:00.784117Z,16771,R,1561.3712301254272,1070.105021238327
2023-07-27T15:37:00.800801Z,16772,R,1560.7987508773804,1071.8745574951172
2023-07-27T15:37:00.817484Z,16773,R,1559.7564582824707,1072.0297651290894
2023-07-27T15:37:00.834168Z,16774,R,1558.8335933685303,1072.7121226787567
2023-07-27T15:37:00.850851Z,16775,R,1557.765191078186,1072.9087915420532
2023-07-27T15:37:00.867534Z,16776,R,1556.843132019043,1073.7793564796448
2023-07-27T15:37:00.884218Z,16777,R,1555.643536567688,1074.2641990184784
2023-07-27T15:37:00.900901Z,16778,R,1554.3664178848267,1074.8671395778656
2023-07-27T15:37:00.917584Z,16779,R,1553.2789974212646,1075.1958074569702
2023-07-27T15:37:00.934268Z,16780,R,1552.1525735855103,1076.033614397049
2023-07-27T15:37:00.950951Z,16781,R,1551.0735340118408,1076.6968731880188
2023-07-27T15:37:00.967634Z,16782,R,1549.852502822876,1076.7719385623932
2023-07-27T15:37:00.984318Z,16783,R,1548.788613319397,1077.6116795539856
2023-07-27T15:37:01.001001Z,16784,R,1547.6065855026245,1077.7813925743103
2023-07-27T15:37:01.017684Z,16785,R,1546.5849227905273,1078.3400917053223
2023-07-27T15:37:01.034368Z,16786,R,1545.6011352539062,1078.7544622421265
2023-07-27T15:37:01.051051Z,16787,R,1544.5135536193848,1078.892142534256
2023-07-27T15:37:01.067734Z,16788,R,1543.4636859893799,1079.2993812561035
2023-07-27T15:37:01.084418Z,16789,R,1542.4563674926758,1079.4333143234253
2023-07-27T15:37:01.101101Z,16790,R,1541.2034244537354,1079.702630996704
2023-07-27T15:37:01.117784Z,16791,R,1540.2207651138306,1080.3999774456024
2023-07-27T15:37:01.134468Z,16792,R,1539.165578842163,1080.8197875022888
2023-07-27T15:37:01.151151Z,16793,R,1537.6376781463623,1081.3207068443298
2023-07-27T15:37:01.167835Z,16794,R,1536.3715190887451,1081.3778822422028
2023-07-27T15:37:01.184518Z,16795,R,1535.0960121154785,1081.8125603199005
2023-07-27T15:37:01.201201Z,16796,R,1533.9155960083008,1082.1738653182983
2023-07-27T15:37:01.217885Z,16797,R,1532.7833700180054,1082.6764769554138
2023-07-27T15:37:01.234568Z,16798,R,1531.7032022476196,1082.739696264267
2023-07-27T15:37:01.251251Z,16799,R,1530.5202074050903,1083.1147813796997
2023-07-27T15:37:01.267935Z,16800,R,1529.5104713439941,1083.6622388362885
2023-07-27T15:37:01.284618Z,16801,R,1527.7169609069824,1083.9678189754486
2023-07-27T15:37:01.301301Z,16802,R,1526.3094549179077,1084.5195071697235
2023-07-27T15:37:01.317985Z,16803,R,1524.8469896316528,1085.0223605632782
2023-07-27T15:37:01.334668Z,16804,R,1523.608229637146,1085.2979629039764
2023-07-27T15:37:01.351351Z,16805,R,1522.4305534362793,1085.6511690616608
2023-07-27T15:37:01.368035Z,16806,R,1521.326693534851,1086.0668692588806
2023-07-27T15:37:01.384718Z,16807,R,1520.398509979248,1086.329295873642
2023-07-27T15:37:01.401401Z,16808,R,1519.293683052063,1086.7144138813019
2023-07-27T15:37:01.418085Z,16809,R,1517.796082496643,1086.960401058197
2023-07-27T15:37:01.434768Z,16810,R,1516.2917127609253,1087.388309955597
2023-07-27T15:37:01.451451Z,16811,R,1515.0706815719604,1087.9817011356354
2023-07-27T15:37:01.468135Z,16812,R,1513.9316864013672,1088.3835003376007
2023-07-27T15:37:01.484818Z,16813,R,1512.818962097168,1088.9813640117645
2023-07-27T15:37:01.501502Z,16814,R,1511.796332359314,1089.0289900302887
2023-07-27T15:37:01.518185Z,16815,R,1510.7985229492188,1089.6515128612518
2023-07-27T15:37:01.534868Z,16816,R,1510.2722997665405,1089.7629625797272
2023-07-27T15:37:01.551552Z,16817,R,1508.5372943878174,1089.810709476471
2023-07-27T15:37:01.568235Z,16818,R,1506.8788452148438,1090.6598789691925
2023-07-27T15:37:01.584918Z,16819,R,1505.3470764160156,1090.7018237113953
2023-07-27T15:37:01.601602Z,16820,R,1503.7634105682373,1090.9488987922668
2023-07-27T15:37:01.618285Z,16821,R,1502.5417346954346,1091.4539279937744
2023-07-27T15:37:01.634968Z,16822,R,1501.1198844909668,1091.654827594757
2023-07-27T15:37:01.651652Z,16823,R,1499.7810373306274,1091.6399595737457
2023-07-27T15:37:01.668335Z,16824,R,1498.4539556503296,1092.0712530612946
2023-07-27T15:37:01.685018Z,16825,R,1497.2690267562866,1092.4342503547668
2023-07-27T15:37:01.701702Z,16826,R,1495.9092273712158,1092.4781291484833
2023-07-27T15:37:01.718385Z,16827,R,1494.7228479385376,1092.8377418518066
2023-07-27T15:37:01.735068Z,16828,R,1493.217188835144,1092.7366876602173
2023-07-27T15:37:01.751752Z,16829,R,1491.776159286499,1092.7598962783813
2023-07-27T15:37:01.768435Z,16830,R,1490.5330476760864,1093.3740785121918
2023-07-27T15:37:01.785118Z,16831,R,1489.261731147766,1093.7263176441193
2023-07-27T15:37:01.801802Z,16832,R,1487.7228708267212,1093.6357798576355
2023-07-27T15:37:01.818485Z,16833,R,1486.179497718811,1094.2127315998077
2023-07-27T15:37:01.835169Z,16834,R,1484.935580253601,1094.638102054596
2023-07-27T15:37:01.851852Z,16835,R,1483.3926906585693,1094.8485510349274
2023-07-27T15:37:01.868535Z,16836,R,1481.9199104309082,1095.1276588439941
2023-07-27T15:37:01.885219Z,16837,R,1480.791874885559,1095.4533047676086
2023-07-27T15:37:01.901902Z,16838,R,1479.6765718460083,1095.825126171112
2023-07-27T15:37:01.918585Z,16839,R,1478.4381341934204,1095.9322242736816
2023-07-27T15:37:01.935269Z,16840,R,1477.4638557434082,1096.2981226444244
2023-07-27T15:37:01.951952Z,16841,R,1476.6626749038696,1096.5176374912262
2023-07-27T15:37:01.968635Z,16842,R,1475.6895246505737,1096.5830326080322
2023-07-27T15:37:01.985319Z,16843,R,1475.0213098526,1096.6588232517242
2023-07-27T15:37:02.002002Z,16844,R,1474.4696216583252,1097.0194029808044
2023-07-27T15:37:02.018685Z,16845,R,1474.1608180999756,1097.0884244441986
2023-07-27T15:37:02.035369Z,16846,R,1473.778681755066,1097.2769944667816
2023-07-27T15:37:02.052052Z,16847,R,1473.6739206314087,1097.2141377925873
2023-07-27T15:37:02.068735Z,16848,R,1473.5132331848145,1097.099303483963
2023-07-27T15:37:02.085419Z,16849,R,1473.3001651763916,1097.117314338684
2023-07-27T15:37:02.102102Z,16850,R,1473.106276512146,1097.2180058956146
2023-07-27T15:37:02.118785Z,16851,R,1472.9069080352783,1097.1819841861725
2023-07-27T15:37:02.135469Z,16852,R,1472.983141899109,1097.2436320781708
2023-07-27T15:37:02.152152Z,16853,R,1472.943655014038,1097.0058646202087
2023-07-27T15:37:02.168836Z,16854,R,1473.179609298706,1097.0322160720825
2023-07-27T15:37:02.185519Z,16855,R,1473.3365898132324,1096.8692722320557
2023-07-27T15:37:02.202202Z,16856,R,1473.5125885009766,1096.6565265655518
2023-07-27T15:37:02.218886Z,16857,R,1473.3257913589478,1096.9642825126648
2023-07-27T15:37:02.235569Z,16858,R,1473.156400680542,1096.9415574073792
2023-07-27T15:37:02.252252Z,16859,R,1473.1072435379028,1096.955337524414
2023-07-27T15:37:02.268936Z,16860,R,1473.209909439087,1097.0762157440186
