timestamp,frame,x,y
2023-07-24T17:11:49.416083Z,11540,2166.8176651000977,1319.4861710071564
2023-07-24T17:11:49.432766Z,11541,2166.792631149292,1319.4584548473358
2023-07-24T17:11:49.449449Z,11542,2166.9387817382812,1319.3711042404175
2023-07-24T17:11:49.466133Z,11543,2166.6901111602783,1319.4610476493835
2023-07-24T17:11:49.482816Z,11544,2166.5945053100586,1319.5458054542542
2023-07-24T17:11:49.499499Z,11545,2166.658639907837,1319.4549679756165
2023-07-24T17:11:49.516183Z,11546,2166.822910308838,1319.6220695972443
2023-07-24T17:11:49.532866Z,11547,2166.7215824127197,1319.55286860466
2023-07-24T17:11:49.549550Z,11548,2166.9132709503174,1319.4648027420044
2023-07-24T17:11:49.566233Z,11549,2166.87273979187,1319.5661902427673
2023-07-24T17:11:49.582916Z,11550,2166.8365001678467,1319.4615840911865
2023-07-24T17:11:49.599600Z,11551,2166.8953895568848,1319.4252848625183
2023-07-24T17:11:49.616283Z,11552,2166.869640350342,1319.4719552993774
2023-07-24T17:11:49.632966Z,11553,2166.6905879974365,1319.4450438022614
2023-07-24T17:11:49.649650Z,11554,2166.630268096924,1319.5141553878784
2023-07-24T17:11:49.666333Z,11555,2166.637897491455,1319.4615840911865
2023-07-24T17:11:49.683016Z,11556,2166.8031215667725,1319.4540739059448
2023-07-24T17:11:49.699700Z,11557,2166.7778491973877,1319.5121884346008
2023-07-24T17:11:49.716383Z,11558,2166.5964126586914,1319.6968138217926
2023-07-24T17:11:49.733066Z,11559,2166.6805744171143,1319.6828663349152
2023-07-24T17:11:49.749750Z,11560,2166.1980152130127,1319.64772939682
2023-07-24T17:11:49.766433Z,11561,2166.0616397857666,1319.5996284484863
2023-07-24T17:11:49.783116Z,11562,2165.85111618042,1319.5362389087677
2023-07-24T17:11:49.799800Z,11563,2165.573835372925,1319.7148740291595
2023-07-24T17:11:49.816483Z,11564,2165.147066116333,1319.496363401413
2023-07-24T17:11:49.833166Z,11565,2164.8848056793213,1319.4046318531036
2023-07-24T17:11:49.849850Z,11566,2164.7379398345947,1319.225013256073
2023-07-24T17:11:49.866533Z,11567,2164.3166542053223,1319.0811574459076
2023-07-24T17:11:49.883217Z,11568,2164.0119552612305,1318.888396024704
2023-07-24T17:11:49.899900Z,11569,2163.6722087860107,1318.8022077083588
2023-07-24T17:11:49.916583Z,11570,2163.3291244506836,1318.6412751674652
2023-07-24T17:11:49.933267Z,11571,2162.7256870269775,1318.6129331588745
2023-07-24T17:11:49.949950Z,11572,2162.4841690063477,1318.5575902462006
2023-07-24T17:11:49.966633Z,11573,2161.4677906036377,1318.4469044208527
2023-07-24T17:11:49.983317Z,11574,2160.7751846313477,1318.4907138347626
2023-07-24T17:11:50.000000Z,11575,2159.9276065826416,1318.5306787490845
2023-07-24T17:11:50.016683Z,11576,2159.266948699951,1318.556785583496
2023-07-24T17:11:50.033367Z,11577,2158.186674118042,1318.648338317871
2023-07-24T17:11:50.050050Z,11578,2157.485008239746,1318.6085522174835
2023-07-24T17:11:50.066733Z,11579,2156.585454940796,1318.5273706912994
2023-07-24T17:11:50.083417Z,11580,2155.510663986206,1318.6256289482117
2023-07-24T17:11:50.100100Z,11581,2154.4575691223145,1318.6770379543304
2023-07-24T17:11:50.116783Z,11582,2153.4619331359863,1318.8611268997192
2023-07-24T17:11:50.133467Z,11583,2152.268648147583,1318.956434726715
2023-07-24T17:11:50.150150Z,11584,2151.238441467285,1318.9802169799805
2023-07-24T17:11:50.166834Z,11585,2150.404214859009,1318.744719028473
2023-07-24T17:11:50.183517Z,11586,2149.293899536133,1318.6824917793274
2023-07-24T17:11:50.200200Z,11587,2148.418188095093,1318.7717199325562
2023-07-24T17:11:50.216884Z,11588,2147.25923538208,1318.5048401355743
2023-07-24T17:11:50.233567Z,11589,2146.3420391082764,1318.4546828269958
2023-07-24T17:11:50.250250Z,11590,2145.0040340423584,1318.4565603733063
2023-07-24T17:11:50.266934Z,11591,2143.9173221588135,1318.533182144165
2023-07-24T17:11:50.283617Z,11592,2142.6548957824707,1318.6399340629578
2023-07-24T17:11:50.300300Z,11593,2141.547679901123,1318.4970617294312
2023-07-24T17:11:50.316984Z,11594,2140.377998352051,1318.4747099876404
2023-07-24T17:11:50.333667Z,11595,2139.23978805542,1318.5464143753052
2023-07-24T17:11:50.350350Z,11596,2137.6473903656006,1318.6974227428436
2023-07-24T17:11:50.367034Z,11597,2136.324882507324,1318.5499012470245
2023-07-24T17:11:50.383717Z,11598,2135.058879852295,1318.662017583847
2023-07-24T17:11:50.400400Z,11599,2133.6793899536133,1318.5642063617706
2023-07-24T17:11:50.417084Z,11600,2132.2178840637207,1318.5665309429169
2023-07-24T17:11:50.433767Z,11601,2131.0300827026367,1318.6633586883545
2023-07-24T17:11:50.450450Z,11602,2129.6937465667725,1318.4812366962433
2023-07-24T17:11:50.467134Z,11603,2128.4468173980713,1318.4082806110382
2023-07-24T17:11:50.483817Z,11604,2127.2196769714355,1318.2487785816193
2023-07-24T17:11:50.500501Z,11605,2126.1203289031982,1317.7735805511475
2023-07-24T17:11:50.517184Z,11606,2124.911308288574,1317.4845278263092
2023-07-24T17:11:50.533867Z,11607,2123.805284500122,1317.0899748802185
2023-07-24T17:11:50.550551Z,11608,2122.6398944854736,1316.8518841266632
2023-07-24T17:11:50.567234Z,11609,2121.0906505584717,1316.7340457439423
2023-07-24T17:11:50.583917Z,11610,2120.1653480529785,1316.3843750953674
2023-07-24T17:11:50.600601Z,11611,2118.804454803467,1316.2416815757751
2023-07-24T17:11:50.617284Z,11612,2117.55108833313,1315.843105316162
2023-07-24T17:11:50.633967Z,11613,2116.457939147949,1315.7574534416199
2023-07-24T17:11:50.650651Z,11614,2115.314245223999,1315.3943717479706
2023-07-24T17:11:50.667334Z,11615,2114.053249359131,1315.130889415741
2023-07-24T17:11:50.684017Z,11616,2113.9848232269287,1314.5787119865417
2023-07-24T17:11:50.700701Z,11617,2112.637996673584,1314.4510388374329
2023-07-24T17:11:50.717384Z,11618,2111.8526458740234,1314.149022102356
2023-07-24T17:11:50.734067Z,11619,2110.6667518615723,1313.992828130722
2023-07-24T17:11:50.750751Z,11620,2109.821081161499,1313.7736916542053
2023-07-24T17:11:50.767434Z,11621,2108.6630821228027,1313.637614250183
2023-07-24T17:11:50.784117Z,11622,2107.7935695648193,1313.5181665420532
2023-07-24T17:11:50.800801Z,11623,2106.7020893096924,1313.406229019165
2023-07-24T17:11:50.817484Z,11624,2105.764627456665,1313.426524400711
2023-07-24T17:11:50.834168Z,11625,2104.69913482666,1313.3741319179535
2023-07-24T17:11:50.850851Z,11626,2103.77836227417,1313.3915662765503
2023-07-24T17:11:50.867534Z,11627,2102.7398109436035,1313.439667224884
2023-07-24T17:11:50.884218Z,11628,2101.5355587005615,1313.4305477142334
2023-07-24T17:11:50.900901Z,11629,2100.4347801208496,1313.492774963379
2023-07-24T17:11:50.917584Z,11630,2099.255084991455,1313.4892880916595
2023-07-24T17:11:50.934268Z,11631,2097.832441329956,1313.663899898529
2023-07-24T17:11:50.950951Z,11632,2096.5516567230225,1313.7355148792267
2023-07-24T17:11:50.967634Z,11633,2095.3874588012695,1313.962072134018
2023-07-24T17:11:50.984318Z,11634,2094.172716140747,1314.0982389450073
2023-07-24T17:11:51.001001Z,11635,2092.9415225982666,1314.3718242645264
2023-07-24T17:11:51.017684Z,11636,2091.8917655944824,1314.3881857395172
2023-07-24T17:11:51.034368Z,11637,2090.547800064087,1314.7603869438171
2023-07-24T17:11:51.051051Z,11638,2089.508295059204,1314.697265625
2023-07-24T17:11:51.067734Z,11639,2088.35506439209,1314.854085445404
2023-07-24T17:11:51.084418Z,11640,2087.085962295532,1315.1997327804565
2023-07-24T17:11:51.101101Z,11641,2085.8302116394043,1315.1730000972748
2023-07-24T17:11:51.117784Z,11642,2084.78045463562,1315.3215050697327
2023-07-24T17:11:51.134468Z,11643,2083.631992340088,1315.5753314495087
2023-07-24T17:11:51.151151Z,11644,2082.49831199646,1315.4737651348114
2023-07-24T17:11:51.167835Z,11645,2081.292152404785,1315.6749308109283
2023-07-24T17:11:51.184518Z,11646,2079.9105167388916,1315.7417178153992
2023-07-24T17:11:51.201201Z,11647,2078.840732574463,1315.7621026039124
2023-07-24T17:11:51.217885Z,11648,2077.9287815093994,1315.9205317497253
2023-07-24T17:11:51.234568Z,11649,2076.7886638641357,1316.0187900066376
2023-07-24T17:11:51.251251Z,11650,2075.6943225860596,1316.0397112369537
2023-07-24T17:11:51.267935Z,11651,2074.944257736206,1316.0839676856995
2023-07-24T17:11:51.284618Z,11652,2073.7149715423584,1315.8914744853973
2023-07-24T17:11:51.301301Z,11653,2072.681427001953,1315.813958644867
2023-07-24T17:11:51.317985Z,11654,2071.7103481292725,1315.867155790329
2023-07-24T17:11:51.334668Z,11655,2070.740222930908,1315.9013986587524
2023-07-24T17:11:51.351351Z,11656,2069.4632530212402,1315.864384174347
2023-07-24T17:11:51.368035Z,11657,2068.2196617126465,1315.975159406662
2023-07-24T17:11:51.384718Z,11658,2067.018985748291,1315.9947395324707
2023-07-24T17:11:51.401401Z,11659,2066.054344177246,1316.1068558692932
2023-07-24T17:11:51.418085Z,11660,2064.9776458740234,1315.9284889698029
2023-07-24T17:11:51.434768Z,11661,2063.873052597046,1315.7984912395477
2023-07-24T17:11:51.451451Z,11662,2062.6063346862793,1315.7082796096802
2023-07-24T17:11:51.468135Z,11663,2061.682939529419,1315.7117664813995
2023-07-24T17:11:51.484818Z,11664,2060.619354248047,1315.6432807445526
2023-07-24T17:11:51.501502Z,11665,2059.49068069458,1315.8065378665924
2023-07-24T17:11:51.518185Z,11666,2058.4843158721924,1315.7094419002533
2023-07-24T17:11:51.534868Z,11667,2057.250499725342,1315.6269192695618
2023-07-24T17:11:51.551552Z,11668,2056.1423301696777,1315.7475292682648
2023-07-24T17:11:51.568235Z,11669,2054.946184158325,1315.7047033309937
2023-07-24T17:11:51.584918Z,11670,2053.941488265991,1315.5964314937592
2023-07-24T17:11:51.601602Z,11671,2052.931070327759,1315.5400156974792
2023-07-24T17:11:51.618285Z,11672,2051.760673522949,1315.51131606102
2023-07-24T17:11:51.634968Z,11673,2050.9133338928223,1315.6749308109283
2023-07-24T17:11:51.651652Z,11674,2049.9441623687744,1315.6140446662903
2023-07-24T17:11:51.668335Z,11675,2049.0031242370605,1315.3716623783112
2023-07-24T17:11:51.685018Z,11676,2047.7173328399658,1315.615028142929
2023-07-24T17:11:51.701702Z,11677,2046.4882850646973,1315.4424726963043
2023-07-24T17:11:51.718385Z,11678,2045.3290939331055,1315.7331347465515
2023-07-24T17:11:51.735068Z,11679,2044.6500778198242,1315.403938293457
2023-07-24T17:11:51.751752Z,11680,2043.4045791625977,1315.5847191810608
2023-07-24T17:11:51.768435Z,11681,2042.3576831817627,1315.6424760818481
2023-07-24T17:11:51.785118Z,11682,2041.3424968719482,1315.7647848129272
2023-07-24T17:11:51.801802Z,11683,2040.3504371643066,1315.8787786960602
2023-07-24T17:11:51.818485Z,11684,2039.1929149627686,1315.8500790596008
2023-07-24T17:11:51.835169Z,11685,2038.4528636932373,1316.0002827644348
2023-07-24T17:11:51.851852Z,11686,2037.3847484588623,1316.0196840763092
2023-07-24T17:11:51.868535Z,11687,2036.2586975097656,1316.043734550476
2023-07-24T17:11:51.885219Z,11688,2035.4101657867432,1315.9298300743103
2023-07-24T17:11:51.901902Z,11689,2034.6860885620117,1315.9613013267517
2023-07-24T17:11:51.918585Z,11690,2034.008264541626,1315.8574104309082
2023-07-24T17:11:51.935269Z,11691,2032.888412475586,1315.8105611801147
2023-07-24T17:11:51.951952Z,11692,2031.8834781646729,1315.6203925609589
2023-07-24T17:11:51.968635Z,11693,2030.968189239502,1315.7042562961578
2023-07-24T17:11:51.985319Z,11694,2030.1384925842285,1315.475732088089
2023-07-24T17:11:52.002002Z,11695,2028.7652015686035,1315.51131606102
2023-07-24T17:11:52.018685Z,11696,2027.820110321045,1315.4343366622925
2023-07-24T17:11:52.035369Z,11697,2026.7295837402344,1315.4276311397552
2023-07-24T17:11:52.052052Z,11698,2025.6977081298828,1315.4243230819702
2023-07-24T17:11:52.068735Z,11699,2024.2726802825928,1315.4852092266083
2023-07-24T17:11:52.085419Z,11700,2023.0534076690674,1315.484493970871
2023-07-24T17:11:52.102102Z,11701,2021.6872692108154,1315.6082332134247
2023-07-24T17:11:52.118785Z,11702,2020.4081535339355,1315.5751526355743
2023-07-24T17:11:52.135469Z,11703,2019.0935134887695,1315.6004548072815
2023-07-24T17:11:52.152152Z,11704,2017.8885459899902,1315.554678440094
2023-07-24T17:11:52.168836Z,11705,2016.5226459503174,1315.420389175415
2023-07-24T17:11:52.185519Z,11706,2015.4087543487549,1315.3453767299652
2023-07-24T17:11:52.202202Z,11707,2014.3039226531982,1315.3603076934814
2023-07-24T17:11:52.218886Z,11708,2013.1278038024902,1315.1373267173767
2023-07-24T17:11:52.235569Z,11709,2012.0842456817627,1315.0775134563446
2023-07-24T17:11:52.252252Z,11710,2011.0301971435547,1315.0219917297363
2023-07-24T17:11:52.268936Z,11711,2009.7014904022217,1315.0517642498016
2023-07-24T17:11:52.285619Z,11712,2008.56614112854,1314.716398715973
2023-07-24T17:11:52.302302Z,11713,2007.5905323028564,1314.7971332073212
2023-07-24T17:11:52.318986Z,11714,2006.4458847045898,1314.7433996200562
2023-07-24T17:11:52.335669Z,11715,2005.6540966033936,1314.6048188209534
2023-07-24T17:11:52.352352Z,11716,2004.6696662902832,1314.411610364914
2023-07-24T17:11:52.369036Z,11717,2003.5452842712402,1314.2973482608795
2023-07-24T17:11:52.385719Z,11718,2002.2459030151367,1314.2277896404266
2023-07-24T17:11:52.402402Z,11719,2001.1155605316162,1314.0344023704529
2023-07-24T17:11:52.419086Z,11720,2000.0367164611816,1313.874900341034
2023-07-24T17:11:52.435769Z,11721,1999.084711074829,1313.8802647590637
2023-07-24T17:11:52.452452Z,11722,1997.580885887146,1313.920497894287
2023-07-24T17:11:52.469136Z,11723,1996.321678161621,1313.8807117938995
2023-07-24T17:11:52.485819Z,11724,1995.146632194519,1313.7985467910767
2023-07-24T17:11:52.502503Z,11725,1993.8864707946777,1313.8298392295837
2023-07-24T17:11:52.519186Z,11726,1992.5214052200317,1313.845306634903
2023-07-24T17:11:52.535869Z,11727,1991.3415908813477,1313.7989938259125
2023-07-24T17:11:52.552553Z,11728,1990.0932312011719,1313.928097486496
2023-07-24T17:11:52.569236Z,11729,1988.6964559555054,1313.8428926467896
2023-07-24T17:11:52.585919Z,11730,1987.2370958328247,1314.0429854393005
2023-07-24T17:11:52.602603Z,11731,1985.8448505401611,1314.2431676387787
2023-07-24T17:11:52.619286Z,11732,1984.4387769699097,1314.3446445465088
2023-07-24T17:11:52.635969Z,11733,1983.0528497695923,1314.3229186534882
2023-07-24T17:11:52.652653Z,11734,1981.9002151489258,1314.4029378890991
2023-07-24T17:11:52.669336Z,11735,1980.3309440612793,1314.4366443157196
2023-07-24T17:11:52.686019Z,11736,1979.2248010635376,1314.3785297870636
2023-07-24T17:11:52.702703Z,11737,1977.8697490692139,1314.237803220749
2023-07-24T17:11:52.719386Z,11738,1976.6364097595215,1314.245492219925
2023-07-24T17:11:52.736069Z,11739,1975.3355979919434,1314.2253756523132
2023-07-24T17:11:52.752753Z,11740,1974.2144346237183,1314.0166103839874
2023-07-24T17:11:52.769436Z,11741,1973.0069637298584,1314.0633702278137
2023-07-24T17:11:52.786119Z,11742,1971.7360734939575,1313.8773143291473
2023-07-24T17:11:52.802803Z,11743,1970.5945253372192,1313.844233751297
2023-07-24T17:11:52.819486Z,11744,1969.6446657180786,1313.900649547577
2023-07-24T17:11:52.836170Z,11745,1968.7362909317017,1313.7961328029633
2023-07-24T17:11:52.852853Z,11746,1967.4673080444336,1313.7884438037872
2023-07-24T17:11:52.869536Z,11747,1966.2425518035889,1313.7453496456146
2023-07-24T17:11:52.886220Z,11748,1965.3831720352173,1313.6640787124634
2023-07-24T17:11:52.902903Z,11749,1964.40589427948,1313.744992017746
2023-07-24T17:11:52.919586Z,11750,1963.358759880066,1313.854604959488
2023-07-24T17:11:52.936270Z,11751,1962.2032642364502,1313.7914836406708
2023-07-24T17:11:52.952953Z,11752,1961.369276046753,1313.9348030090332
2023-07-24T17:11:52.969636Z,11753,1960.6735706329346,1313.7710988521576
2023-07-24T17:11:52.986320Z,11754,1959.6552848815918,1313.639760017395
2023-07-24T17:11:53.003003Z,11755,1958.619475364685,1313.7440979480743
2023-07-24T17:11:53.019686Z,11756,1957.9731225967407,1313.7363195419312
2023-07-24T17:11:53.036370Z,11757,1957.1582078933716,1313.6695325374603
2023-07-24T17:11:53.053053Z,11758,1956.1314582824707,1313.4812414646149
2023-07-24T17:11:53.069736Z,11759,1955.256462097168,1313.3554458618164
2023-07-24T17:11:53.086420Z,11760,1954.4272422790527,1313.0682706832886
2023-07-24T17:11:53.103103Z,11761,1953.3507823944092,1313.1566941738129
2023-07-24T17:11:53.119786Z,11762,1952.601432800293,1313.1546378135681
2023-07-24T17:11:53.136470Z,11763,1951.402187347412,1313.0523562431335
2023-07-24T17:11:53.153153Z,11764,1950.392484664917,1312.9510581493378
2023-07-24T17:11:53.169837Z,11765,1949.4143724441528,1312.82839179039
2023-07-24T17:11:53.186520Z,11766,1948.2845067977905,1312.8587901592255
2023-07-24T17:11:53.203203Z,11767,1946.9963312149048,1312.6905262470245
2023-07-24T17:11:53.219887Z,11768,1945.9880590438843,1312.7370178699493
2023-07-24T17:11:53.236570Z,11769,1944.9748992919922,1312.737911939621
2023-07-24T17:11:53.253253Z,11770,1943.7843561172485,1312.7297759056091
2023-07-24T17:11:53.269937Z,11771,1942.629098892212,1312.9367530345917
2023-07-24T17:11:53.286620Z,11772,1941.3337707519531,1312.9355907440186
2023-07-24T17:11:53.303303Z,11773,1940.5536651611328,1312.6985728740692
2023-07-24T17:11:53.319987Z,11774,1939.414620399475,1312.7082288265228
2023-07-24T17:11:53.336670Z,11775,1938.5427236557007,1312.7292394638062
2023-07-24T17:11:53.353353Z,11776,1937.5983476638794,1312.474250793457
2023-07-24T17:11:53.370037Z,11777,1936.3203048706055,1312.6323223114014
2023-07-24T17:11:53.386720Z,11778,1935.2861642837524,1312.8016591072083
2023-07-24T17:11:53.403403Z,11779,1934.495449066162,1312.7309381961823
2023-07-24T17:11:53.420087Z,11780,1933.3691596984863,1312.7989768981934
2023-07-24T17:11:53.436770Z,11781,1932.3110580444336,1312.9176199436188
2023-07-24T17:11:53.453453Z,11782,1931.0270547866821,1313.0512833595276
2023-07-24T17:11:53.470137Z,11783,1929.9721717834473,1313.025712966919
2023-07-24T17:11:53.486820Z,11784,1929.0927648544312,1313.2039904594421
2023-07-24T17:11:53.503504Z,11785,1928.096055984497,1313.1147623062134
2023-07-24T17:11:53.520187Z,11786,1927.0418882369995,1313.2908046245575
2023-07-24T17:11:53.536870Z,11787,1925.9296655654907,1313.366711139679
2023-07-24T17:11:53.553554Z,11788,1925.0344038009644,1313.4776651859283
2023-07-24T17:11:53.570237Z,11789,1923.751711845398,1313.5836124420166
2023-07-24T17:11:53.586920Z,11790,1922.6624965667725,1313.700556755066
2023-07-24T17:11:53.603604Z,11791,1921.5954542160034,1313.7672543525696
2023-07-24T17:11:53.620287Z,11792,1920.438528060913,1313.976913690567
2023-07-24T17:11:53.636970Z,11793,1919.3620681762695,1313.941866159439
2023-07-24T17:11:53.653654Z,11794,1918.5038805007935,1314.137041568756
2023-07-24T17:11:53.670337Z,11795,1917.2219038009644,1314.2952919006348
2023-07-24T17:11:53.687020Z,11796,1916.4700508117676,1314.1269385814667
2023-07-24T17:11:53.703704Z,11797,1915.351390838623,1314.28661942482
2023-07-24T17:11:53.720387Z,11798,1914.6896600723267,1314.4589066505432
2023-07-24T17:11:53.737070Z,11799,1913.7011766433716,1314.2080307006836
2023-07-24T17:11:53.753754Z,11800,1913.09654712677,1314.3561780452728
2023-07-24T17:11:53.770437Z,11801,1912.0850563049316,1314.323365688324
2023-07-24T17:11:53.787120Z,11802,1911.4398956298828,1314.2361044883728
2023-07-24T17:11:53.803804Z,11803,1910.7671976089478,1314.3536746501923
2023-07-24T17:11:53.820487Z,11804,1909.8670482635498,1314.478486776352
2023-07-24T17:11:53.837171Z,11805,1909.183382987976,1314.272940158844
2023-07-24T17:11:53.853854Z,11806,1908.818244934082,1314.4680261611938
2023-07-24T17:11:53.870537Z,11807,1907.8069925308228,1314.3139779567719
2023-07-24T17:11:53.887221Z,11808,1907.0749282836914,1314.6070539951324
2023-07-24T17:11:53.903904Z,11809,1906.1893224716187,1314.3413364887238
2023-07-24T17:11:53.920587Z,11810,1905.3621292114258,1314.4965469837189
2023-07-24T17:11:53.937271Z,11811,1904.4853448867798,1314.6965503692627
2023-07-24T17:11:53.953954Z,11812,1903.8631916046143,1314.6445155143738
2023-07-24T17:11:53.970637Z,11813,1902.9659032821655,1314.6844804286957
2023-07-24T17:11:53.987321Z,11814,1902.3830890655518,1314.8967325687408
2023-07-24T17:11:54.004004Z,11815,1901.6294479370117,1314.83656167984
2023-07-24T17:11:54.020687Z,11816,1900.8790254592896,1314.877063035965
2023-07-24T17:11:54.037371Z,11817,1900.1638889312744,1314.9501979351044
2023-07-24T17:11:54.054054Z,11818,1899.584174156189,1314.9234652519226
2023-07-24T17:11:54.070737Z,11819,1898.7525701522827,1314.7556483745575
2023-07-24T17:11:54.087421Z,11820,1898.2477188110352,1314.924716949463
2023-07-24T17:11:54.104104Z,11821,1897.7694511413574,1315.0621354579926
2023-07-24T17:11:54.120787Z,11822,1896.916389465332,1315.0838613510132
2023-07-24T17:11:54.137471Z,11823,1896.4695930480957,1314.9284720420837
2023-07-24T17:11:54.154154Z,11824,1895.6358432769775,1315.0067925453186
2023-07-24T17:11:54.170838Z,11825,1894.8591947555542,1315.1865005493164
2023-07-24T17:11:54.187521Z,11826,1894.167184829712,1315.3012990951538
2023-07-24T17:11:54.204204Z,11827,1893.4910297393799,1315.1459991931915
2023-07-24T17:11:54.220888Z,11828,1892.8401470184326,1315.1937425136566
2023-07-24T17:11:54.237571Z,11829,1892.063856124878,1315.411537885666
2023-07-24T17:11:54.254254Z,11830,1891.1912441253662,1315.446674823761
2023-07-24T17:11:54.270938Z,11831,1890.6753063201904,1315.444439649582
2023-07-24T17:11:54.287621Z,11832,1889.8895978927612,1315.4840469360352
2023-07-24T17:11:54.304304Z,11833,1889.363408088684,1315.539836883545
2023-07-24T17:11:54.320988Z,11834,1889.1018629074097,1315.3679072856903
2023-07-24T17:11:54.337671Z,11835,1888.5918855667114,1315.3848052024841
2023-07-24T17:11:54.354354Z,11836,1888.1134986877441,1315.3801560401917
2023-07-24T17:11:54.371038Z,11837,1887.4980211257935,1315.2137696743011
2023-07-24T17:11:54.387721Z,11838,1887.0233297348022,1315.1853382587433
2023-07-24T17:11:54.404404Z,11839,1886.7108821868896,1314.9797022342682
2023-07-24T17:11:54.421088Z,11840,1886.1688375473022,1315.03164768219
2023-07-24T17:11:54.437771Z,11841,1885.6322765350342,1315.0687515735626
2023-07-24T17:11:54.454454Z,11842,1884.819507598877,1315.1330351829529
2023-07-24T17:11:54.471138Z,11843,1884.4304084777832,1315.0915503501892
2023-07-24T17:11:54.487821Z,11844,1883.4524154663086,1315.2760863304138
2023-07-24T17:11:54.504505Z,11845,1882.8155994415283,1315.2335286140442
2023-07-24T17:11:54.521188Z,11846,1882.1455240249634,1315.2615129947662
2023-07-24T17:11:54.537871Z,11847,1882.004976272583,1315.0550723075867
2023-07-24T17:11:54.554555Z,11848,1881.5820217132568,1314.9733543395996
2023-07-24T17:11:54.571238Z,11849,1881.3464641571045,1314.9958848953247
2023-07-24T17:11:54.587921Z,11850,1881.1696767807007,1314.9685263633728
2023-07-24T17:11:54.604605Z,11851,1880.545973777771,1314.825564622879
2023-07-24T17:11:54.621288Z,11852,1880.378007888794,1314.8125112056732
2023-07-24T17:11:54.637971Z,11853,1880.1912069320679,1314.7931098937988
2023-07-24T17:11:54.654655Z,11854,1880.0280094146729,1314.6623969078064
2023-07-24T17:11:54.671338Z,11855,1879.9374103546143,1314.6256506443024
2023-07-24T17:11:54.688021Z,11856,1880.1716566085815,1314.6521151065826
2023-07-24T17:11:54.704705Z,11857,1880.0225257873535,1314.4821524620056
2023-07-24T17:11:54.721388Z,11858,1880.2276849746704,1314.387559890747
2023-07-24T17:11:54.738071Z,11859,1880.3720474243164,1314.1703009605408
2023-07-24T17:11:54.754755Z,11860,1880.096435546875,1314.013659954071
2023-07-24T17:11:54.771438Z,11861,1880.1658153533936,1314.166098833084
2023-07-24T17:11:54.788121Z,11862,1880.3014755249023,1314.0595257282257
2023-07-24T17:11:54.804805Z,11863,1880.1684379577637,1314.02787566185
2023-07-24T17:11:54.821488Z,11864,1880.2428245544434,1313.7593865394592
2023-07-24T17:11:54.838172Z,11865,1880.2136182785034,1313.8024806976318
2023-07-24T17:11:54.854855Z,11866,1880.191445350647,1313.519150018692
2023-07-24T17:11:54.871538Z,11867,1879.9612522125244,1313.0124807357788
2023-07-24T17:11:54.888222Z,11868,1880.0166845321655,1312.8637969493866
2023-07-24T17:11:54.904905Z,11869,1879.95445728302,1312.452793121338
2023-07-24T17:11:54.921588Z,11870,1879.6945810317993,1311.9453191757202
2023-07-24T17:11:54.938272Z,11871,1879.6772956848145,1311.482012271881
2023-07-24T17:11:54.954955Z,11872,1879.4023990631104,1310.9959959983826
2023-07-24T17:11:54.971638Z,11873,1879.5723915100098,1310.3147149085999
2023-07-24T17:11:54.988322Z,11874,1879.5945644378662,1309.591680765152
2023-07-24T17:11:55.005005Z,11875,1879.8108100891113,1308.607667684555
2023-07-24T17:11:55.021688Z,11876,1880.0026178359985,1307.5584769248962
2023-07-24T17:11:55.038372Z,11877,1880.3517818450928,1306.381344795227
2023-07-24T17:11:55.055055Z,11878,1880.7835578918457,1305.151641368866
2023-07-24T17:11:55.071738Z,11879,1881.130576133728,1303.8708865642548
2023-07-24T17:11:55.088422Z,11880,1881.383776664734,1302.4404644966125
2023-07-24T17:11:55.105105Z,11881,1881.6930055618286,1301.2596666812897
2023-07-24T17:11:55.121788Z,11882,1882.0689916610718,1299.8177111148834
2023-07-24T17:11:55.138472Z,11883,1882.2460174560547,1298.5902428627014
2023-07-24T17:11:55.155155Z,11884,1882.31360912323,1297.3897755146027
2023-07-24T17:11:55.171839Z,11885,1882.2894096374512,1296.1250245571136
2023-07-24T17:11:55.188522Z,11886,1882.5336694717407,1295.185536146164
2023-07-24T17:11:55.205205Z,11887,1882.1847438812256,1293.9143478870392
2023-07-24T17:11:55.221889Z,11888,1882.3543787002563,1292.8957343101501
2023-07-24T17:11:55.238572Z,11889,1882.4427127838135,1291.624367237091
2023-07-24T17:11:55.255255Z,11890,1882.3342323303223,1290.6846106052399
2023-07-24T17:11:55.271939Z,11891,1882.7507495880127,1289.5233035087585
2023-07-24T17:11:55.288622Z,11892,1882.9987049102783,1288.4817123413086
2023-07-24T17:11:55.305305Z,11893,1883.0527067184448,1287.4763309955597
2023-07-24T17:11:55.321989Z,11894,1883.4285736083984,1286.4198088645935
2023-07-24T17:11:55.338672Z,11895,1883.504033088684,1285.1629257202148
2023-07-24T17:11:55.355355Z,11896,1883.5550546646118,1284.1984927654266
2023-07-24T17:11:55.372039Z,11897,1883.9751482009888,1283.3191752433777
2023-07-24T17:11:55.388722Z,11898,1884.0159177780151,1282.0736467838287
2023-07-24T17:11:55.405405Z,11899,1884.10484790802,1281.1972796916962
2023-07-24T17:11:55.422089Z,11900,1884.1909170150757,1280.0753116607666
2023-07-24T17:11:55.438772Z,11901,1884.1586112976074,1278.9959907531738
2023-07-24T17:11:55.455455Z,11902,1884.0703964233398,1277.8917253017426
2023-07-24T17:11:55.472139Z,11903,1884.4352960586548,1276.5955924987793
2023-07-24T17:11:55.488822Z,11904,1884.4618797302246,1275.4237353801727
2023-07-24T17:11:55.505506Z,11905,1884.6981525421143,1274.4208574295044
2023-07-24T17:11:55.522189Z,11906,1884.9149942398071,1273.1623649597168
2023-07-24T17:11:55.538872Z,11907,1885.0575685501099,1272.0674872398376
2023-07-24T17:11:55.555556Z,11908,1884.7471475601196,1270.9085941314697
2023-07-24T17:11:55.572239Z,11909,1884.7788572311401,1269.755870103836
2023-07-24T17:11:55.588922Z,11910,1884.7380876541138,1268.8980996608734
2023-07-24T17:11:55.605606Z,11911,1884.8568201065063,1267.7447497844696
2023-07-24T17:11:55.622289Z,11912,1884.6248388290405,1266.7036950588226
2023-07-24T17:11:55.638972Z,11913,1884.421944618225,1265.5973732471466
2023-07-24T17:11:55.655656Z,11914,1884.1989040374756,1264.7391557693481
2023-07-24T17:11:55.672339Z,11915,1884.2568397521973,1263.5537087917328
2023-07-24T17:11:55.689022Z,11916,1883.9967250823975,1262.5038921833038
2023-07-24T17:11:55.705706Z,11917,1884.013056755066,1261.403650045395
2023-07-24T17:11:55.722389Z,11918,1883.6379051208496,1260.4518234729767
2023-07-24T17:11:55.739072Z,11919,1883.6402893066406,1259.3743801116943
2023-07-24T17:11:55.755756Z,11920,1883.988380432129,1258.4902346134186
2023-07-24T17:11:55.772439Z,11921,1883.9102983474731,1257.2508752346039
2023-07-24T17:11:55.789122Z,11922,1884.3300342559814,1255.8111548423767
2023-07-24T17:11:55.805806Z,11923,1884.3070268630981,1254.94185090065
2023-07-24T17:11:55.822489Z,11924,1884.3847513198853,1253.696769475937
2023-07-24T17:11:55.839173Z,11925,1884.3449354171753,1252.4965703487396
2023-07-24T17:11:55.855856Z,11926,1884.7485780715942,1251.4323592185974
2023-07-24T17:11:55.872539Z,11927,1885.1068019866943,1250.1047551631927
2023-07-24T17:11:55.889223Z,11928,1885.1587772369385,1248.9671409130096
2023-07-24T17:11:55.905906Z,11929,1885.2760791778564,1247.773826122284
2023-07-24T17:11:55.922589Z,11930,1885.5963945388794,1246.4994192123413
2023-07-24T17:11:55.939273Z,11931,1885.7953548431396,1245.0937628746033
2023-07-24T17:11:55.955956Z,11932,1886.215090751648,1244.0649569034576
2023-07-24T17:11:55.972639Z,11933,1886.514663696289,1242.701679468155
2023-07-24T17:11:55.989323Z,11934,1886.7374658584595,1241.4904832839966
2023-07-24T17:11:56.006006Z,11935,1886.8166208267212,1240.1937246322632
2023-07-24T17:11:56.022689Z,11936,1886.9295120239258,1239.1247749328613
2023-07-24T17:11:56.039373Z,11937,1887.1558904647827,1237.6943528652191
2023-07-24T17:11:56.056056Z,11938,1887.5336647033691,1236.4758253097534
2023-07-24T17:11:56.072739Z,11939,1887.8626823425293,1235.2833151817322
2023-07-24T17:11:56.089423Z,11940,1887.7381086349487,1234.0213358402252
2023-07-24T17:11:56.106106Z,11941,1887.8788948059082,1233.331561088562
2023-07-24T17:11:56.122789Z,11942,1887.882113456726,1232.0217490196228
2023-07-24T17:11:56.139473Z,11943,1887.9355192184448,1231.1571836471558
2023-07-24T17:11:56.156156Z,11944,1887.8546953201294,1230.2436232566833
2023-07-24T17:11:56.172840Z,11945,1887.8055810928345,1229.448527097702
2023-07-24T17:11:56.189523Z,11946,1887.3810768127441,1228.6877632141113
2023-07-24T17:11:56.206206Z,11947,1887.4439001083374,1227.7235984802246
2023-07-24T17:11:56.222890Z,11948,1887.2734308242798,1227.1528244018555
2023-07-24T17:11:56.239573Z,11949,1887.0967626571655,1226.4380156993866
2023-07-24T17:11:56.256256Z,11950,1886.8536949157715,1225.709706544876
2023-07-24T17:11:56.272940Z,11951,1886.4811658859253,1224.5855927467346
2023-07-24T17:11:56.289623Z,11952,1886.3626718521118,1223.7058281898499
2023-07-24T17:11:56.306306Z,11953,1886.0111236572266,1222.8741645812988
2023-07-24T17:11:56.322990Z,11954,1885.942816734314,1222.2948968410492
2023-07-24T17:11:56.339673Z,11955,1885.9244585037231,1221.5604186058044
2023-07-24T17:11:56.356356Z,11956,1885.6699466705322,1220.6486463546753
2023-07-24T17:11:56.373040Z,11957,1885.534405708313,1220.0533747673035
2023-07-24T17:11:56.389723Z,11958,1885.4278326034546,1219.0940380096436
2023-07-24T17:11:56.406406Z,11959,1885.0867748260498,1218.3373868465424
2023-07-24T17:11:56.423090Z,11960,1885.1051330566406,1217.5641059875488
2023-07-24T17:11:56.439773Z,11961,1884.7018480300903,1216.8885469436646
2023-07-24T17:11:56.456456Z,11962,1884.671926498413,1216.0523235797882
2023-07-24T17:11:56.473140Z,11963,1884.5837116241455,1215.2823507785797
2023-07-24T17:11:56.489823Z,11964,1884.4037055969238,1214.440405368805
2023-07-24T17:11:56.506507Z,11965,1884.5230340957642,1213.6073112487793
2023-07-24T17:11:56.523190Z,11966,1884.2700719833374,1212.9272818565369
2023-07-24T17:11:56.539873Z,11967,1884.3159675598145,1211.7479145526886
2023-07-24T17:11:56.556557Z,11968,1884.207844734192,1210.7143700122833
2023-07-24T17:11:56.573240Z,11969,1884.2909336090088,1209.5542252063751
2023-07-24T17:11:56.589923Z,11970,1884.302258491516,1208.4145545959473
2023-07-24T17:11:56.606607Z,11971,1884.7575187683105,1206.8549394607544
2023-07-24T17:11:56.623290Z,11972,1884.6651315689087,1205.5374383926392
2023-07-24T17:11:56.639973Z,11973,1884.7912549972534,1204.0870785713196
2023-07-24T17:11:56.656657Z,11974,1885.183334350586,1202.9034197330475
2023-07-24T17:11:56.673340Z,11975,1884.9958181381226,1201.702058315277
2023-07-24T17:11:56.690023Z,11976,1885.2388858795166,1200.47727227211
2023-07-24T17:11:56.706707Z,11977,1885.10262966156,1199.494868516922
2023-07-24T17:11:56.723390Z,11978,1885.1827383041382,1198.1787979602814
2023-07-24T17:11:56.740073Z,11979,1884.9517107009888,1196.9066262245178
2023-07-24T17:11:56.756757Z,11980,1885.3516578674316,1195.6576108932495
2023-07-24T17:11:56.773440Z,11981,1885.20085811615,1194.189190864563
2023-07-24T17:11:56.790123Z,11982,1885.5500221252441,1192.9203271865845
2023-07-24T17:11:56.806807Z,11983,1885.797381401062,1191.4756894111633
2023-07-24T17:11:56.823490Z,11984,1885.6894969940186,1189.7392272949219
2023-07-24T17:11:56.840174Z,11985,1885.854959487915,1188.3858740329742
2023-07-24T17:11:56.856857Z,11986,1886.0759735107422,1186.5779757499695
2023-07-24T17:11:56.873540Z,11987,1886.110544204712,1185.119390487671
2023-07-24T17:11:56.890224Z,11988,1886.3518238067627,1183.4086775779724
2023-07-24T17:11:56.906907Z,11989,1886.4463567733765,1181.8653345108032
2023-07-24T17:11:56.923590Z,11990,1886.7913484573364,1180.2998185157776
2023-07-24T17:11:56.940274Z,11991,1887.123465538025,1178.52321267128
2023-07-24T17:11:56.956957Z,11992,1887.3201608657837,1176.9770085811615
2023-07-24T17:11:56.973640Z,11993,1887.3169422149658,1175.199955701828
2023-07-24T17:11:56.990324Z,11994,1887.6395225524902,1173.7029254436493
2023-07-24T17:11:57.007007Z,11995,1887.9441022872925,1172.188639640808
2023-07-24T17:11:57.023690Z,11996,1888.0549669265747,1170.522004365921
2023-07-24T17:11:57.040374Z,11997,1888.5477781295776,1168.9543426036835
2023-07-24T17:11:57.057057Z,11998,1888.69047164917,1167.328119277954
2023-07-24T17:11:57.073740Z,11999,1888.8267278671265,1165.4837429523468
2023-07-24T17:11:57.090424Z,12000,1888.9931440353394,1163.688987493515
2023-07-24T17:11:57.107107Z,12001,1889.4293308258057,1162.128746509552
2023-07-24T17:11:57.123790Z,12002,1889.4401788711548,1160.407930612564
2023-07-24T17:11:57.140474Z,12003,1889.6504640579224,1158.7074995040894
2023-07-24T17:11:57.157157Z,12004,1889.699101448059,1157.0110023021698
2023-07-24T17:11:57.173841Z,12005,1889.9223804473877,1155.369222164154
2023-07-24T17:11:57.190524Z,12006,1889.8411989212036,1153.7675857543945
2023-07-24T17:11:57.207207Z,12007,1889.6324634552002,1152.2502601146698
2023-07-24T17:11:57.223891Z,12008,1889.6366357803345,1150.7440209388733
2023-07-24T17:11:57.240574Z,12009,1889.5092010498047,1148.9401459693909
2023-07-24T17:11:57.257257Z,12010,1889.3249034881592,1147.8019952774048
2023-07-24T17:11:57.273941Z,12011,1889.1854286193848,1146.204113960266
2023-07-24T17:11:57.290624Z,12012,1888.9458179473877,1144.5118188858032
2023-07-24T17:11:57.307307Z,12013,1888.8342380523682,1143.0578827857971
2023-07-24T17:11:57.323991Z,12014,1888.8932466506958,1141.5569186210632
2023-07-24T17:11:57.340674Z,12015,1888.7608051300049,1139.889121055603
2023-07-24T17:11:57.357357Z,12016,1888.8601064682007,1138.249397277832
2023-07-24T17:11:57.374041Z,12017,1888.7794017791748,1136.7786526679993
2023-07-24T17:11:57.390724Z,12018,1888.6315822601318,1135.4369223117828
2023-07-24T17:11:57.407407Z,12019,1888.7537717819214,1134.0948343276978
2023-07-24T17:11:57.424091Z,12020,1888.7618780136108,1132.3833167552948
2023-07-24T17:11:57.440774Z,12021,1888.708472251892,1130.7628154754639
2023-07-24T17:11:57.457457Z,12022,1888.6035680770874,1129.4632852077484
2023-07-24T17:11:57.474141Z,12023,1888.9412879943848,1128.1190514564514
2023-07-24T17:11:57.490824Z,12024,1889.0372514724731,1126.6655623912811
2023-07-24T17:11:57.507508Z,12025,1888.8963460922241,1125.6278157234192
2023-07-24T17:11:57.524191Z,12026,1889.2269134521484,1124.3967711925507
2023-07-24T17:11:57.540874Z,12027,1889.2346620559692,1123.3195960521698
2023-07-24T17:11:57.557558Z,12028,1889.2853260040283,1122.0326721668243
2023-07-24T17:11:57.574241Z,12029,1888.8132572174072,1121.0135221481323
2023-07-24T17:11:57.590924Z,12030,1888.623595237732,1120.0724244117737
2023-07-24T17:11:57.607608Z,12031,1888.5427713394165,1119.06436085701
2023-07-24T17:11:57.624291Z,12032,1888.588309288025,1117.5923645496368
2023-07-24T17:11:57.640974Z,12033,1888.4122371673584,1116.4311468601227
2023-07-24T17:11:57.657658Z,12034,1888.3624076843262,1115.1173114776611
2023-07-24T17:11:57.674341Z,12035,1888.029932975769,1114.07071352005
2023-07-24T17:11:57.691024Z,12036,1888.142704963684,1112.8686368465424
2023-07-24T17:11:57.707708Z,12037,1888.203501701355,1111.6165816783905
2023-07-24T17:11:57.724391Z,12038,1888.2317543029785,1110.380083322525
2023-07-24T17:11:57.741074Z,12039,1888.227105140686,1109.239250421524
2023-07-24T17:11:57.757758Z,12040,1888.3060216903687,1108.368068933487
2023-07-24T17:11:57.774441Z,12041,1888.166069984436,1107.2527170181274
2023-07-24T17:11:57.791124Z,12042,1888.2474899291992,1106.0373187065125
2023-07-24T17:11:57.807808Z,12043,1888.0339860916138,1105.2238941192627
2023-07-24T17:11:57.824491Z,12044,1888.426423072815,1104.3367087841034
2023-07-24T17:11:57.841175Z,12045,1887.9921436309814,1103.4250259399414
2023-07-24T17:11:57.857858Z,12046,1887.8538608551025,1102.5373935699463
2023-07-24T17:11:57.874541Z,12047,1887.7960443496704,1101.48087143898
2023-07-24T17:11:57.891225Z,12048,1887.8458738327026,1100.4908680915833
2023-07-24T17:11:57.907908Z,12049,1887.744426727295,1099.6389091014862
2023-07-24T17:11:57.924591Z,12050,1887.8427743911743,1098.346084356308
2023-07-24T17:11:57.941275Z,12051,1887.8943920135498,1097.2440540790558
2023-07-24T17:11:57.957958Z,12052,1887.9135847091675,1096.296787261963
2023-07-24T17:11:57.974641Z,12053,1887.925624847412,1095.2286422252655
2023-07-24T17:11:57.991325Z,12054,1887.9773616790771,1093.969613313675
2023-07-24T17:11:58.008008Z,12055,1887.9117965698242,1092.9173827171326
2023-07-24T17:11:58.024691Z,12056,1888.0630731582642,1091.6009545326233
2023-07-24T17:11:58.041375Z,12057,1888.0201578140259,1090.4831886291504
2023-07-24T17:11:58.058058Z,12058,1887.8216743469238,1089.43310379982
2023-07-24T17:11:58.074741Z,12059,1887.6423835754395,1088.0989730358124
2023-07-24T17:11:58.091425Z,12060,1887.5454664230347,1086.9774520397186
2023-07-24T17:11:58.108108Z,12061,1887.3717784881592,1085.8930349349976
2023-07-24T17:11:58.124791Z,12062,1887.4245882034302,1084.9654376506805
2023-07-24T17:11:58.141475Z,12063,1887.2878551483154,1083.7682783603668
2023-07-24T17:11:58.158158Z,12064,1886.836051940918,1083.0153822898865
2023-07-24T17:11:58.174842Z,12065,1886.8629932403564,1082.1951627731323
2023-07-24T17:11:58.191525Z,12066,1886.613368988037,1081.0584425926208
2023-07-24T17:11:58.208208Z,12067,1886.3013982772827,1080.247163772583
2023-07-24T17:11:58.224892Z,12068,1886.2172365188599,1079.4238150119781
2023-07-24T17:11:58.241575Z,12069,1886.0089778900146,1078.5837471485138
2023-07-24T17:11:58.258258Z,12070,1885.5992555618286,1077.6692926883698
2023-07-24T17:11:58.274942Z,12071,1885.4166269302368,1077.094942331314
2023-07-24T17:11:58.291625Z,12072,1885.0523233413696,1076.3313174247742
2023-07-24T17:11:58.308308Z,12073,1885.2487802505493,1075.5452513694763
2023-07-24T17:11:58.324992Z,12074,1885.2009773254395,1074.859231710434
2023-07-24T17:11:58.341675Z,12075,1885.1828575134277,1073.9698112010956
2023-07-24T17:11:58.358358Z,12076,1885.0760459899902,1073.1579959392548
2023-07-24T17:11:58.375042Z,12077,1885.1593732833862,1072.2582042217255
2023-07-24T17:11:58.391725Z,12078,1885.1828575134277,1071.131855249405
2023-07-24T17:11:58.408408Z,12079,1885.304570198059,1070.332020521164
2023-07-24T17:11:58.425092Z,12080,1885.3896856307983,1069.3360269069672
2023-07-24T17:11:58.441775Z,12081,1885.4979276657104,1068.567395210266
2023-07-24T17:11:58.458458Z,12082,1885.5293989181519,1067.9312646389008
2023-07-24T17:11:58.475142Z,12083,1885.6054544448853,1067.1562850475311
2023-07-24T17:11:58.491825Z,12084,1885.3955268859863,1066.4207339286804
2023-07-24T17:11:58.508509Z,12085,1885.329008102417,1065.6249225139618
2023-07-24T17:11:58.525192Z,12086,1885.3356838226318,1064.7165477275848
2023-07-24T17:11:58.541875Z,12087,1885.240077972412,1063.9432668685913
2023-07-24T17:11:58.558559Z,12088,1885.3505849838257,1063.0422234535217
2023-07-24T17:11:58.575242Z,12089,1885.4526281356812,1061.9222223758698
2023-07-24T17:11:58.591925Z,12090,1885.439157485962,1060.879111289978
2023-07-24T17:11:58.608609Z,12091,1885.6878280639648,1059.7893297672272
2023-07-24T17:11:58.625292Z,12092,1885.719895362854,1058.5618615150452
2023-07-24T17:11:58.641975Z,12093,1885.908603668213,1057.3851764202118
2023-07-24T17:11:58.658659Z,12094,1885.8389854431152,1056.1560988426208
2023-07-24T17:11:58.675342Z,12095,1885.8526945114136,1055.1567077636719
2023-07-24T17:11:58.692025Z,12096,1886.095404624939,1053.8381338119507
2023-07-24T17:11:58.708709Z,12097,1886.0774040222168,1052.4230003356934
2023-07-24T17:11:58.725392Z,12098,1885.789394378662,1051.368534564972
2023-07-24T17:11:58.742075Z,12099,1885.7828378677368,1050.3403544425964
2023-07-24T17:11:58.758759Z,12100,1885.371446609497,1049.1884350776672
2023-07-24T17:11:58.775442Z,12101,1885.1995468139648,1048.1755435466766
2023-07-24T17:11:58.792125Z,12102,1884.5508098602295,1047.1787452697754
2023-07-24T17:11:58.808809Z,12103,1884.3891620635986,1046.142339706421
2023-07-24T17:11:58.825492Z,12104,1883.9281797409058,1045.1392829418182
2023-07-24T17:11:58.842176Z,12105,1884.136438369751,1044.142484664917
2023-07-24T17:11:58.858859Z,12106,1883.90052318573,1043.148547410965
2023-07-24T17:11:58.875542Z,12107,1883.870005607605,1042.0512557029724
2023-07-24T17:11:58.892226Z,12108,1883.6678266525269,1041.160136461258
2023-07-24T17:11:58.908909Z,12109,1883.486032485962,1040.2465760707855
2023-07-24T17:11:58.925592Z,12110,1883.5207223892212,1039.1276478767395
2023-07-24T17:11:58.942276Z,12111,1883.2836151123047,1038.3881628513336
2023-07-24T17:11:58.958959Z,12112,1883.2204341888428,1037.5845730304718
2023-07-24T17:11:58.975642Z,12113,1883.1855058670044,1036.8011891841888
2023-07-24T17:11:58.992326Z,12114,1883.2628726959229,1035.717397928238
2023-07-24T17:11:59.009009Z,12115,1883.070468902588,1035.1514518260956
2023-07-24T17:11:59.025692Z,12116,1882.9479217529297,1034.481167793274
2023-07-24T17:11:59.042376Z,12117,1882.843255996704,1033.8837504386902
2023-07-24T17:11:59.059059Z,12118,1882.8508853912354,1033.3160161972046
2023-07-24T17:11:59.075742Z,12119,1882.7259540557861,1032.6637029647827
2023-07-24T17:11:59.092426Z,12120,1882.684826850891,1032.1791172027588
2023-07-24T17:11:59.109109Z,12121,1882.573962211609,1031.6616296768188
2023-07-24T17:11:59.125792Z,12122,1882.5372457504272,1031.0765504837036
2023-07-24T17:11:59.142476Z,12123,1882.558822631836,1030.4444432258606
2023-07-24T17:11:59.159159Z,12124,1882.4362754821777,1030.2416682243347
2023-07-24T17:11:59.175843Z,12125,1882.567048072815,1029.6534597873688
2023-07-24T17:11:59.192526Z,12126,1882.4659585952759,1029.2024910449982
2023-07-24T17:11:59.209209Z,12127,1882.308840751648,1028.6900997161865
2023-07-24T17:11:59.225893Z,12128,1882.4946880340576,1028.160184621811
2023-07-24T17:11:59.242576Z,12129,1882.7167749404907,1027.7572274208069
2023-07-24T17:11:59.259259Z,12130,1882.7180862426758,1027.2516310214996
2023-07-24T17:11:59.275943Z,12131,1882.7457427978516,1026.7032086849213
2023-07-24T17:11:59.292626Z,12132,1882.810115814209,1026.2668132781982
2023-07-24T17:11:59.309309Z,12133,1882.7414512634277,1025.9209871292114
2023-07-24T17:11:59.325993Z,12134,1882.885217666626,1025.2602696418762
2023-07-24T17:11:59.342676Z,12135,1882.851004600525,1024.5031714439392
2023-07-24T17:11:59.359359Z,12136,1882.8424215316772,1023.9965915679932
2023-07-24T17:11:59.376043Z,12137,1882.9864263534546,1023.5598385334015
2023-07-24T17:11:59.392726Z,12138,1883.1181526184082,1022.8508412837982
2023-07-24T17:11:59.409409Z,12139,1883.0636739730835,1022.2500264644623
2023-07-24T17:11:59.426093Z,12140,1883.5630416870117,1021.4971303939819
2023-07-24T17:11:59.442776Z,12141,1883.462905883789,1020.7250118255615
2023-07-24T17:11:59.459459Z,12142,1883.7878704071045,1019.9651420116425
2023-07-24T17:11:59.476143Z,12143,1884.0616941452026,1019.1953480243683
2023-07-24T17:11:59.492826Z,12144,1884.1768503189087,1018.4773206710815
2023-07-24T17:11:59.509510Z,12145,1884.3603134155273,1017.7735984325409
2023-07-24T17:11:59.526193Z,12146,1884.7770690917969,1017.2782838344574
2023-07-24T17:11:59.542876Z,12147,1884.8742246627808,1016.6526138782501
2023-07-24T17:11:59.559560Z,12148,1884.8001956939697,1016.3235068321228
2023-07-24T17:11:59.576243Z,12149,1884.8681449890137,1016.1017775535583
2023-07-24T17:11:59.592926Z,12150,1885.063886642456,1015.8700346946716
2023-07-24T17:11:59.609610Z,12151,1885.0083351135254,1015.8422291278839
2023-07-24T17:11:59.626293Z,12152,1885.1772546768188,1015.8122777938843
2023-07-24T17:11:59.642976Z,12153,1885.169506072998,1015.8202350139618
2023-07-24T17:11:59.659660Z,12154,1884.9093914031982,1015.895426273346
2023-07-24T17:11:59.676343Z,12155,1884.9908113479614,1015.852689743042
2023-07-24T17:11:59.693026Z,12156,1885.1193189620972,1015.9358382225037
2023-07-24T17:11:59.709710Z,12157,1885.1860761642456,1015.957921743393
2023-07-24T17:11:59.726393Z,12158,1885.2367401123047,1015.8922970294952
2023-07-24T17:11:59.743076Z,12159,1885.1121664047241,1015.932708978653
2023-07-24T17:11:59.759760Z,12160,1885.2983713150024,1015.863686800003
2023-07-24T17:11:59.776443Z,12161,1885.3933811187744,1015.7947540283203
2023-07-24T17:11:59.793126Z,12162,1885.8705759048462,1016.1254703998566
2023-07-24T17:11:59.809810Z,12163,1886.0461711883545,1016.061544418335
2023-07-24T17:11:59.826493Z,12164,1886.4153623580933,1015.7926976680756
2023-07-24T17:11:59.843177Z,12165,1886.6358995437622,1015.7454013824463
2023-07-24T17:11:59.859860Z,12166,1887.156367301941,1015.8349871635437
2023-07-24T17:11:59.876543Z,12167,1887.4543905258179,1015.7473683357239
2023-07-24T17:11:59.893227Z,12168,1888.1447315216064,1015.8029794692993
2023-07-24T17:11:59.909910Z,12169,1888.6812925338745,1015.661358833313
2023-07-24T17:11:59.926593Z,12170,1889.472484588623,1015.6954228878021
2023-07-24T17:11:59.943277Z,12171,1889.979362487793,1015.3394043445587
2023-07-24T17:11:59.959960Z,12172,1890.6787633895874,1015.0718092918396
2023-07-24T17:11:59.976643Z,12173,1891.3547992706299,1014.9608552455902
2023-07-24T17:11:59.993327Z,12174,1892.024278640747,1015.1408314704895
2023-07-24T17:12:00.010010Z,12175,1892.9638862609863,1014.9608552455902
2023-07-24T17:12:00.026693Z,12176,1893.7020301818848,1015.0574147701263
2023-07-24T17:12:00.043377Z,12177,1894.2135572433472,1014.8507952690125
2023-07-24T17:12:00.060060Z,12178,1895.325779914856,1014.948695898056
2023-07-24T17:12:00.076743Z,12179,1896.2129354476929,1014.7862434387207
2023-07-24T17:12:00.093427Z,12180,1897.0472812652588,1014.6616995334625
2023-07-24T17:12:00.110110Z,12181,1898.2951641082764,1014.4827961921692
2023-07-24T17:12:00.126793Z,12182,1899.0299701690674,1014.9104297161102
2023-07-24T17:12:00.143477Z,12183,1899.9831676483154,1014.7935748100281
2023-07-24T17:12:00.160160Z,12184,1901.0504484176636,1014.6690309047699
2023-07-24T17:12:00.176844Z,12185,1902.1039009094238,1014.4257545471191
2023-07-24T17:12:00.193527Z,12186,1903.339147567749,1014.362096786499
2023-07-24T17:12:00.210210Z,12187,1904.3083190917969,1014.2476558685303
2023-07-24T17:12:00.226894Z,12188,1905.573844909668,1014.0902996063232
2023-07-24T17:12:00.243577Z,12189,1906.158685684204,1013.9895379543304
2023-07-24T17:12:00.260260Z,12190,1907.8327417373657,1013.9045119285583
2023-07-24T17:12:00.276944Z,12191,1908.4045886993408,1013.8031244277954
2023-07-24T17:12:00.293627Z,12192,1909.3410968780518,1013.6572122573853
2023-07-24T17:12:00.310310Z,12193,1910.3885889053345,1013.7265920639038
2023-07-24T17:12:00.326994Z,12194,1911.3701581954956,1013.6514902114868
2023-07-24T17:12:00.343677Z,12195,1912.4606847763062,1013.7046873569489
2023-07-24T17:12:00.360360Z,12196,1913.5198593139648,1013.443797826767
2023-07-24T17:12:00.377044Z,12197,1914.3630266189575,1013.4893953800201
2023-07-24T17:12:00.393727Z,12198,1915.4558181762695,1013.3822858333588
2023-07-24T17:12:00.410410Z,12199,1916.4842367172241,1013.3201479911804
2023-07-24T17:12:00.427094Z,12200,1917.6629781723022,1013.1497383117676
2023-07-24T17:12:00.443777Z,12201,1918.5128211975098,1013.1024420261383
2023-07-24T17:12:00.460460Z,12202,1919.2283153533936,1013.2317245006561
2023-07-24T17:12:00.477144Z,12203,1920.4000234603882,1013.0464732646942
2023-07-24T17:12:00.493827Z,12204,1921.3240146636963,1013.0195617675781
2023-07-24T17:12:00.510511Z,12205,1922.1686124801636,1012.8154456615448
2023-07-24T17:12:00.527194Z,12206,1922.7259159088135,1012.5525891780853
2023-07-24T17:12:00.543877Z,12207,1923.8251447677612,1012.6758813858032
2023-07-24T17:12:00.560561Z,12208,1924.4225025177002,1012.5676095485687
2023-07-24T17:12:00.577244Z,12209,1925.1216650009155,1012.7363204956055
2023-07-24T17:12:00.593927Z,12210,1925.757884979248,1012.8557682037354
2023-07-24T17:12:00.610611Z,12211,1926.321029663086,1012.6908123493195
2023-07-24T17:12:00.627294Z,12212,1927.2834062576294,1012.6760601997375
2023-07-24T17:12:00.643977Z,12213,1927.9922246932983,1012.7507150173187
2023-07-24T17:12:00.660661Z,12214,1928.8347959518433,1012.8622055053711
2023-07-24T17:12:00.677344Z,12215,1929.868459701538,1012.5933587551117
2023-07-24T17:12:00.694027Z,12216,1930.912733078003,1012.6172304153442
2023-07-24T17:12:00.710711Z,12217,1931.7314624786377,1012.5412344932556
2023-07-24T17:12:00.727394Z,12218,1932.3313236236572,1012.7436518669128
2023-07-24T17:12:00.744077Z,12219,1933.4068298339844,1012.5154852867126
2023-07-24T17:12:00.760761Z,12220,1934.1460466384888,1012.4550461769104
2023-07-24T17:12:00.777444Z,12221,1934.8429441452026,1012.4113261699677
2023-07-24T17:12:00.794127Z,12222,1935.5963468551636,1012.4883949756622
2023-07-24T17:12:00.810811Z,12223,1936.7129802703857,1012.3389065265656
2023-07-24T17:12:00.827494Z,12224,1937.5404119491577,1012.2900009155273
2023-07-24T17:12:00.844178Z,12225,1938.326120376587,1012.3758316040039
2023-07-24T17:12:00.860861Z,12226,1939.4052028656006,1012.2779309749603
2023-07-24T17:12:00.877544Z,12227,1940.3038024902344,1012.3012661933899
2023-07-24T17:12:00.894228Z,12228,1941.1910772323608,1012.1749341487885
2023-07-24T17:12:00.910911Z,12229,1942.0201778411865,1012.0413601398468
2023-07-24T17:12:00.927594Z,12230,1942.9115056991577,1012.1128857135773
2023-07-24T17:12:00.944278Z,12231,1943.6911344528198,1012.1660828590393
2023-07-24T17:12:00.960961Z,12232,1944.5656538009644,1011.8606686592102
2023-07-24T17:12:00.977644Z,12233,1945.30189037323,1012.0380520820618
2023-07-24T17:12:00.994328Z,12234,1946.2214708328247,1011.9491815567017
2023-07-24T17:12:01.011011Z,12235,1947.1063613891602,1011.926919221878
2023-07-24T17:12:01.027694Z,12236,1947.8323459625244,1012.2756063938141
2023-07-24T17:12:01.044378Z,12237,1948.7824440002441,1012.0486915111542
2023-07-24T17:12:01.061061Z,12238,1949.8463869094849,1012.110561132431
2023-07-24T17:12:01.077744Z,12239,1950.6419897079468,1011.9989812374115
2023-07-24T17:12:01.094428Z,12240,1951.6643285751343,1011.9544565677643
2023-07-24T17:12:01.111111Z,12241,1952.4437189102173,1011.6978585720062
2023-07-24T17:12:01.127794Z,12242,1953.4794092178345,1011.7793083190918
2023-07-24T17:12:01.144478Z,12243,1954.2853832244873,1011.8327736854553
2023-07-24T17:12:01.161161Z,12244,1954.815149307251,1011.8241906166077
2023-07-24T17:12:01.177845Z,12245,1955.9184312820435,1011.6576254367828
2023-07-24T17:12:01.194528Z,12246,1956.7216634750366,1011.9846761226654
2023-07-24T17:12:01.211211Z,12247,1957.9920768737793,1011.8014812469482
2023-07-24T17:12:01.227895Z,12248,1958.4311246871948,1012.1159255504608
2023-07-24T17:12:01.244578Z,12249,1959.165334701538,1011.9574964046478
2023-07-24T17:12:01.261261Z,12250,1959.915041923523,1012.1768116950989
2023-07-24T17:12:01.277945Z,12251,1961.0098600387573,1012.1536552906036
2023-07-24T17:12:01.294628Z,12252,1961.9051218032837,1012.120932340622
2023-07-24T17:12:01.311311Z,12253,1963.3790254592896,1012.1893286705017
2023-07-24T17:12:01.327995Z,12254,1964.2030000686646,1012.2207999229431
2023-07-24T17:12:01.344678Z,12255,1965.4356241226196,1011.9799375534058
2023-07-24T17:12:01.361361Z,12256,1966.4089679718018,1012.0119452476501
2023-07-24T17:12:01.378045Z,12257,1967.280626296997,1011.9573175907135
2023-07-24T17:12:01.394728Z,12258,1968.1812524795532,1012.007474899292
2023-07-24T17:12:01.411411Z,12259,1969.1861867904663,1011.6312503814697
2023-07-24T17:12:01.428095Z,12260,1970.1074361801147,1011.691689491272
2023-07-24T17:12:01.444778Z,12261,1971.346378326416,1011.660486459732
2023-07-24T17:12:01.461461Z,12262,1972.2460508346558,1011.7769837379456
2023-07-24T17:12:01.478145Z,12263,1973.6289978027344,1011.7262899875641
2023-07-24T17:12:01.494828Z,12264,1974.3149280548096,1011.7006301879883
2023-07-24T17:12:01.511512Z,12265,1975.1943349838257,1011.6511881351471
2023-07-24T17:12:01.528195Z,12266,1976.313829421997,1011.89786195755
2023-07-24T17:12:01.544878Z,12267,1977.2571325302124,1011.7882490158081
2023-07-24T17:12:01.561562Z,12268,1978.3636331558228,1011.7864608764648
2023-07-24T17:12:01.578245Z,12269,1979.234218597412,1011.7928087711334
2023-07-24T17:12:01.594928Z,12270,1980.184555053711,1011.781632900238
2023-07-24T17:12:01.611612Z,12271,1981.2887907028198,1011.5935206413269
2023-07-24T17:12:01.628295Z,12272,1982.219934463501,1011.6081833839417
2023-07-24T17:12:01.644978Z,12273,1983.5469722747803,1011.5097463130951
2023-07-24T17:12:01.661662Z,12274,1984.6611022949219,1011.7943286895752
2023-07-24T17:12:01.678345Z,12275,1985.7172966003418,1011.7703676223755
2023-07-24T17:12:01.695028Z,12276,1986.9771003723145,1011.7422044277191
2023-07-24T17:12:01.711712Z,12277,1988.1154298782349,1011.754721403122
2023-07-24T17:12:01.728395Z,12278,1989.311933517456,1011.6872191429138
2023-07-24T17:12:01.745078Z,12279,1990.3430938720703,1011.4831924438477
2023-07-24T17:12:01.761762Z,12280,1991.499662399292,1011.4533305168152
2023-07-24T17:12:01.778445Z,12281,1992.7215576171875,1011.2306177616119
2023-07-24T17:12:01.795128Z,12282,1993.8794374465942,1011.3247632980347
2023-07-24T17:12:01.811812Z,12283,1995.2116012573242,1011.2086236476898
2023-07-24T17:12:01.828495Z,12284,1996.5120553970337,1011.2808644771576
2023-07-24T17:12:01.845179Z,12285,1997.8907108306885,1011.1011564731598
2023-07-24T17:12:01.861862Z,12286,1999.1079568862915,1011.0500156879425
2023-07-24T17:12:01.878545Z,12287,2000.551700592041,1010.9834969043732
2023-07-24T17:12:01.895229Z,12288,2001.6419887542725,1010.8151435852051
2023-07-24T17:12:01.911912Z,12289,2003.1147003173828,1010.9352171421051
2023-07-24T17:12:01.928595Z,12290,2004.2188167572021,1010.8623504638672
2023-07-24T17:12:01.945279Z,12291,2005.2006244659424,1010.841965675354
2023-07-24T17:12:01.961962Z,12292,2006.418228149414,1010.6929242610931
2023-07-24T17:12:01.978645Z,12293,2007.5373649597168,1011.1439824104309
2023-07-24T17:12:01.995329Z,12294,2008.5461139678955,1010.9885036945343
2023-07-24T17:12:02.012012Z,12295,2009.7358226776123,1011.0264122486115
2023-07-24T17:12:02.028695Z,12296,2010.5137825012207,1010.946661233902
2023-07-24T17:12:02.045379Z,12297,2011.8317604064941,1010.988861322403
2023-07-24T17:12:02.062062Z,12298,2012.7332210540771,1010.9589099884033
2023-07-24T17:12:02.078745Z,12299,2013.8256549835205,1010.8961462974548
2023-07-24T17:12:02.095429Z,12300,2014.7645473480225,1010.9421014785767
2023-07-24T17:12:02.112112Z,12301,2015.7573223114014,1011.2038850784302
2023-07-24T17:12:02.128795Z,12302,2016.7992115020752,1011.3800168037415
2023-07-24T17:12:02.145479Z,12303,2017.6661014556885,1011.3514959812164
2023-07-24T17:12:02.162162Z,12304,2018.8000202178955,1011.3796591758728
2023-07-24T17:12:02.178846Z,12305,2019.8898315429688,1011.1883282661438
2023-07-24T17:12:02.195529Z,12306,2021.198034286499,1011.5534663200378
2023-07-24T17:12:02.212212Z,12307,2022.2947597503662,1011.3147497177124
2023-07-24T17:12:02.228896Z,12308,2023.3960151672363,1011.4777386188507
2023-07-24T17:12:02.245579Z,12309,2024.526834487915,1011.483371257782
2023-07-24T17:12:02.262262Z,12310,2025.5281925201416,1011.624276638031
2023-07-24T17:12:02.278946Z,12311,2026.7243385314941,1011.4364326000214
2023-07-24T17:12:02.295629Z,12312,2027.7156829833984,1011.7044746875763
2023-07-24T17:12:02.312312Z,12313,2028.8348197937012,1011.6714835166931
2023-07-24T17:12:02.328996Z,12314,2029.566764831543,1011.6545855998993
2023-07-24T17:12:02.345679Z,12315,2030.5368900299072,1011.7833316326141
2023-07-24T17:12:02.362362Z,12316,2031.5263271331787,1011.8355453014374
2023-07-24T17:12:02.379046Z,12317,2032.3600769042969,1011.8384063243866
2023-07-24T17:12:02.395729Z,12318,2033.3459377288818,1011.9576752185822
2023-07-24T17:12:02.412412Z,12319,2034.2516899108887,1011.9430124759674
2023-07-24T17:12:02.429096Z,12320,2035.1710319519043,1011.9523108005524
2023-07-24T17:12:02.445779Z,12321,2036.0090732574463,1012.024998664856
2023-07-24T17:12:02.462462Z,12322,2036.879062652588,1012.1186077594757
2023-07-24T17:12:02.479146Z,12323,2037.8680229187012,1012.0545923709869
2023-07-24T17:12:02.495829Z,12324,2038.8484001159668,1011.8555724620819
2023-07-24T17:12:02.512513Z,12325,2039.748191833496,1012.0523571968079
2023-07-24T17:12:02.529196Z,12326,2040.783405303955,1011.8842720985413
2023-07-24T17:12:02.545879Z,12327,2041.759729385376,1012.1355950832367
2023-07-24T17:12:02.562563Z,12328,2042.7708625793457,1011.8587911128998
2023-07-24T17:12:02.579246Z,12329,2043.5712337493896,1011.9665265083313
2023-07-24T17:12:02.595929Z,12330,2044.5520877838135,1011.8086338043213
2023-07-24T17:12:02.612613Z,12331,2045.4587936401367,1011.8417143821716
2023-07-24T17:12:02.629296Z,12332,2046.4930534362793,1011.9364857673645
2023-07-24T17:12:02.645979Z,12333,2047.5139617919922,1011.8722021579742
2023-07-24T17:12:02.662663Z,12334,2048.877716064453,1011.7734968662262
2023-07-24T17:12:02.679346Z,12335,2050.0357151031494,1011.8125677108765
2023-07-24T17:12:02.696029Z,12336,2051.3148307800293,1011.8323266506195
2023-07-24T17:12:02.712713Z,12337,2052.492618560791,1011.599063873291
2023-07-24T17:12:02.729396Z,12338,2053.981304168701,1011.4656686782837
2023-07-24T17:12:02.746079Z,12339,2055.2899837493896,1011.3936960697174
2023-07-24T17:12:02.762763Z,12340,2056.887149810791,1011.3121569156647
2023-07-24T17:12:02.779446Z,12341,2058.135509490967,1011.2315118312836
2023-07-24T17:12:02.796129Z,12342,2059.3626499176025,1011.2765729427338
2023-07-24T17:12:02.812813Z,12343,2060.586452484131,1011.0616385936737
2023-07-24T17:12:02.829496Z,12344,2061.599016189575,1011.2516283988953
2023-07-24T17:12:02.846180Z,12345,2062.6461505889893,1011.0688805580139
2023-07-24T17:12:02.862863Z,12346,2063.8601779937744,1010.9830498695374
2023-07-24T17:12:02.879546Z,12347,2064.75567817688,1010.9542608261108
2023-07-24T17:12:02.896230Z,12348,2065.8912658691406,1011.1463963985443
2023-07-24T17:12:02.912913Z,12349,2067.166805267334,1011.1231505870819
2023-07-24T17:12:02.929596Z,12350,2068.189859390259,1011.0076367855072
2023-07-24T17:12:02.946280Z,12351,2069.3540573120117,1011.0643208026886
2023-07-24T17:12:02.962963Z,12352,2070.512533187866,1010.9359323978424
2023-07-24T17:12:02.979646Z,12353,2071.580171585083,1011.0263228416443
2023-07-24T17:12:02.996330Z,12354,2072.8561878204346,1010.9184086322784
2023-07-24T17:12:03.013013Z,12355,2074.286699295044,1010.8423233032227
2023-07-24T17:12:03.029696Z,12356,2075.7603645324707,1010.9130442142487
2023-07-24T17:12:03.046380Z,12357,2077.103853225708,1010.938435792923
2023-07-24T17:12:03.063063Z,12358,2078.861713409424,1011.0929310321808
2023-07-24T17:12:03.079746Z,12359,2080.3656578063965,1011.1918151378632
2023-07-24T17:12:03.096430Z,12360,2081.690788269043,1011.2560093402863
2023-07-24T17:12:03.113113Z,12361,2083.209991455078,1011.391818523407
2023-07-24T17:12:03.129796Z,12362,2084.8100185394287,1011.5752816200256
2023-07-24T17:12:03.146480Z,12363,2086.111307144165,1011.6139948368073
2023-07-24T17:12:03.163163Z,12364,2087.3405933380127,1011.8487775325775
2023-07-24T17:12:03.179847Z,12365,2088.3994102478027,1012.1255815029144
2023-07-24T17:12:03.196530Z,12366,2089.618682861328,1012.0966136455536
2023-07-24T17:12:03.213213Z,12367,2090.5230045318604,1012.3344361782074
2023-07-24T17:12:03.229897Z,12368,2091.7880535125732,1012.3315751552582
2023-07-24T17:12:03.246580Z,12369,2092.8738117218018,1012.387365102768
2023-07-24T17:12:03.263263Z,12370,2093.925714492798,1012.5459730625153
2023-07-24T17:12:03.279947Z,12371,2095.0417518615723,1012.7801299095154
2023-07-24T17:12:03.296630Z,12372,2096.200704574585,1012.8046274185181
2023-07-24T17:12:03.313313Z,12373,2097.2955226898193,1012.805163860321
2023-07-24T17:12:03.329997Z,12374,2098.245143890381,1013.1019055843353
2023-07-24T17:12:03.346680Z,12375,2099.4980335235596,1013.0822360515594
2023-07-24T17:12:03.363363Z,12376,2100.792646408081,1013.4119689464569
2023-07-24T17:12:03.380047Z,12377,2101.825475692749,1013.3560001850128
2023-07-24T17:12:03.396730Z,12378,2103.0166149139404,1013.3234560489655
2023-07-24T17:12:03.413413Z,12379,2104.3763160705566,1013.598382472992
2023-07-24T17:12:03.430097Z,12380,2105.43155670166,1013.5036110877991
2023-07-24T17:12:03.446780Z,12381,2106.585741043091,1013.4362876415253
2023-07-24T17:12:03.463463Z,12382,2107.8295707702637,1013.3024454116821
2023-07-24T17:12:03.480147Z,12383,2109.1151237487793,1013.1436586380005
2023-07-24T17:12:03.496830Z,12384,2110.041856765747,1013.2081210613251
2023-07-24T17:12:03.513514Z,12385,2111.2189292907715,1013.0584537982941
2023-07-24T17:12:03.530197Z,12386,2112.393379211426,1013.022243976593
2023-07-24T17:12:03.546880Z,12387,2113.524913787842,1013.2542550563812
2023-07-24T17:12:03.563564Z,12388,2114.6552562713623,1013.3701264858246
2023-07-24T17:12:03.580247Z,12389,2115.846872329712,1013.3829116821289
2023-07-24T17:12:03.596930Z,12390,2117.3219680786133,1013.489305973053
2023-07-24T17:12:03.613614Z,12391,2118.4000968933105,1013.5345458984375
2023-07-24T17:12:03.630297Z,12392,2119.553565979004,1013.4546160697937
2023-07-24T17:12:03.646980Z,12393,2120.680570602417,1013.5667324066162
2023-07-24T17:12:03.663664Z,12394,2121.880292892456,1013.6662423610687
2023-07-24T17:12:03.680347Z,12395,2122.911214828491,1013.8362050056458
2023-07-24T17:12:03.697030Z,12396,2123.7781047821045,1013.9960646629333
2023-07-24T17:12:03.713714Z,12397,2125.0972747802734,1014.0426456928253
2023-07-24T17:12:03.730397Z,12398,2126.239776611328,1014.2645537853241
2023-07-24T17:12:03.747080Z,12399,2127.264976501465,1014.5200788974762
2023-07-24T17:12:03.763764Z,12400,2128.269910812378,1014.4142210483551
2023-07-24T17:12:03.780447Z,12401,2129.5852661132812,1014.4910216331482
2023-07-24T17:12:03.797130Z,12402,2130.462169647217,1014.5154297351837
2023-07-24T17:12:03.813814Z,12403,2131.4518451690674,1014.4828855991364
2023-07-24T17:12:03.830497Z,12404,2132.418155670166,1014.6057307720184
2023-07-24T17:12:03.847181Z,12405,2133.281707763672,1014.7821307182312
2023-07-24T17:12:03.863864Z,12406,2134.4263553619385,1014.6127045154572
2023-07-24T17:12:03.880547Z,12407,2135.4174613952637,1014.771580696106
2023-07-24T17:12:03.897231Z,12408,2136.5041732788086,1014.8942470550537
2023-07-24T17:12:03.913914Z,12409,2137.538433074951,1015.1326060295105
2023-07-24T17:12:03.930597Z,12410,2138.7383937835693,1014.9773061275482
2023-07-24T17:12:03.947281Z,12411,2139.854669570923,1015.1594281196594
2023-07-24T17:12:03.963964Z,12412,2140.9895420074463,1015.2448117733002
2023-07-24T17:12:03.980647Z,12413,2141.869306564331,1015.2094066143036
2023-07-24T17:12:03.997331Z,12414,2142.730236053467,1015.24418592453
2023-07-24T17:12:04.014014Z,12415,2144.0176963806152,1015.1976943016052
2023-07-24T17:12:04.030697Z,12416,2144.7293758392334,1015.3138339519501
2023-07-24T17:12:04.047381Z,12417,2145.7509994506836,1015.227735042572
2023-07-24T17:12:04.064064Z,12418,2146.514892578125,1015.3539776802063
2023-07-24T17:12:04.080747Z,12419,2147.343397140503,1015.3479874134064
2023-07-24T17:12:04.097431Z,12420,2148.2229232788086,1015.0383710861206
2023-07-24T17:12:04.114114Z,12421,2148.8616466522217,1015.1883065700531
2023-07-24T17:12:04.130797Z,12422,2149.184226989746,1015.1892900466919
2023-07-24T17:12:04.147481Z,12423,2149.693250656128,1015.2771770954132
2023-07-24T17:12:04.164164Z,12424,2149.8098373413086,1015.3816938400269
2023-07-24T17:12:04.180848Z,12425,2149.970293045044,1015.5449509620667
2023-07-24T17:12:04.197531Z,12426,2149.9831676483154,1015.6111121177673
2023-07-24T17:12:04.214214Z,12427,2149.932622909546,1015.6226456165314
2023-07-24T17:12:04.230898Z,12428,2149.9781608581543,1015.7648026943207
2023-07-24T17:12:04.247581Z,12429,2150.193929672241,1016.1832273006439
2023-07-24T17:12:04.264264Z,12430,2150.089740753174,1016.311526298523
2023-07-24T17:12:04.280948Z,12431,2150.254249572754,1016.6487693786621
2023-07-24T17:12:04.297631Z,12432,2150.364875793457,1017.4510180950165
2023-07-24T17:12:04.314314Z,12433,2150.463581085205,1018.062025308609
2023-07-24T17:12:04.330998Z,12434,2150.790214538574,1018.4718668460846
2023-07-24T17:12:04.347681Z,12435,2151.094675064087,1019.1391110420227
2023-07-24T17:12:04.364364Z,12436,2151.3752937316895,1019.855260848999
2023-07-24T17:12:04.381048Z,12437,2151.862144470215,1020.6605494022369
2023-07-24T17:12:04.397731Z,12438,2152.0121097564697,1021.2791562080383
2023-07-24T17:12:04.414414Z,12439,2152.1692276000977,1022.0235586166382
2023-07-24T17:12:04.431098Z,12440,2152.439594268799,1022.7817296981812
2023-07-24T17:12:04.447781Z,12441,2152.827262878418,1023.4736502170563
2023-07-24T17:12:04.464464Z,12442,2152.914047241211,1024.383544921875
2023-07-24T17:12:04.481148Z,12443,2153.0704498291016,1025.2397060394287
2023-07-24T17:12:04.497831Z,12444,2153.075695037842,1025.9657800197601
2023-07-24T17:12:04.514515Z,12445,2153.0508995056152,1026.6497433185577
2023-07-24T17:12:04.531198Z,12446,2153.2557010650635,1027.528077363968
2023-07-24T17:12:04.547881Z,12447,2153.0942916870117,1028.2444953918457
2023-07-24T17:12:04.564565Z,12448,2152.9464721679688,1029.2030274868011
2023-07-24T17:12:04.581248Z,12449,2152.7974605560303,1030.0688445568085
2023-07-24T17:12:04.597931Z,12450,2152.7223587036133,1030.5717587471008
2023-07-24T17:12:04.614615Z,12451,2152.573347091675,1031.156837940216
2023-07-24T17:12:04.631298Z,12452,2152.1894931793213,1031.9994986057281
2023-07-24T17:12:04.647981Z,12453,2151.9558429718018,1032.7628552913666
2023-07-24T17:12:04.664665Z,12454,2151.874542236328,1033.4879457950592
2023-07-24T17:12:04.681348Z,12455,2151.7210006713867,1034.0420007705688
2023-07-24T17:12:04.698031Z,12456,2151.5052318573,1034.8537266254425
2023-07-24T17:12:04.714715Z,12457,2151.2744426727295,1035.6802940368652
2023-07-24T17:12:04.731398Z,12458,2151.3357162475586,1036.3589823246002
2023-07-24T17:12:04.748081Z,12459,2151.322364807129,1037.0717346668243
2023-07-24T17:12:04.764765Z,12460,2151.1828899383545,1038.0654036998749
2023-07-24T17:12:04.781448Z,12461,2150.9406566619873,1038.8040840625763
2023-07-24T17:12:04.798131Z,12462,2150.9485244750977,1039.735347032547
2023-07-24T17:12:04.814815Z,12463,2150.7225036621094,1040.553867816925
2023-07-24T17:12:04.831498Z,12464,2150.8171558380127,1041.6665375232697
2023-07-24T17:12:04.848182Z,12465,2150.8660316467285,1042.8024530410767
2023-07-24T17:12:04.864865Z,12466,2151.1049270629883,1043.6317920684814
2023-07-24T17:12:04.881548Z,12467,2150.9029865264893,1044.85023021698
2023-07-24T17:12:04.898232Z,12468,2150.803565979004,1045.985609292984
2023-07-24T17:12:04.914915Z,12469,2150.796890258789,1047.1567511558533
2023-07-24T17:12:04.931598Z,12470,2150.6612300872803,1048.2591390609741
2023-07-24T17:12:04.948282Z,12471,2150.2292156219482,1049.591213464737
2023-07-24T17:12:04.964965Z,12472,2149.921655654907,1050.8870780467987
2023-07-24T17:12:04.981648Z,12473,2149.749755859375,1052.13662981987
2023-07-24T17:12:04.998332Z,12474,2149.528741836548,1053.4135401248932
2023-07-24T17:12:05.015015Z,12475,2149.085283279419,1054.6095371246338
2023-07-24T17:12:05.031698Z,12476,2148.7491130828857,1055.8604300022125
2023-07-24T17:12:05.048382Z,12477,2148.301839828491,1057.2351515293121
2023-07-24T17:12:05.065065Z,12478,2147.930860519409,1058.5427284240723
2023-07-24T17:12:05.081748Z,12479,2147.6831436157227,1059.7379207611084
2023-07-24T17:12:05.098432Z,12480,2147.52197265625,1060.9194338321686
2023-07-24T17:12:05.115115Z,12481,2147.3183631896973,1062.1527135372162
2023-07-24T17:12:05.131798Z,12482,2147.0718383789062,1063.366860151291
2023-07-24T17:12:05.148482Z,12483,2146.6078758239746,1064.8365318775177
2023-07-24T17:12:05.165165Z,12484,2146.373987197876,1066.2010610103607
2023-07-24T17:12:05.181849Z,12485,2145.8542346954346,1067.3719346523285
2023-07-24T17:12:05.198532Z,12486,2145.7390785217285,1068.5820579528809
2023-07-24T17:12:05.215215Z,12487,2145.5323696136475,1069.6795284748077
2023-07-24T17:12:05.231899Z,12488,2145.6429958343506,1070.7391798496246
2023-07-24T17:12:05.248582Z,12489,2145.439386367798,1071.812778711319
2023-07-24T17:12:05.265265Z,12490,2145.357370376587,1073.0077922344208
2023-07-24T17:12:05.281949Z,12491,2145.3561782836914,1074.1944909095764
2023-07-24T17:12:05.298632Z,12492,2145.1897621154785,1075.6183862686157
2023-07-24T17:12:05.315315Z,12493,2145.2410221099854,1076.6253769397736
2023-07-24T17:12:05.331999Z,12494,2145.2455520629883,1078.0518651008606
2023-07-24T17:12:05.348682Z,12495,2145.2763080596924,1079.1344940662384
2023-07-24T17:12:05.365365Z,12496,2145.374536514282,1080.4446637630463
2023-07-24T17:12:05.382049Z,12497,2145.355701446533,1081.4212560653687
2023-07-24T17:12:05.398732Z,12498,2145.350694656372,1082.91757106781
2023-07-24T17:12:05.415415Z,12499,2145.576000213623,1084.1781198978424
2023-07-24T17:12:05.432099Z,12500,2145.596981048584,1085.3146612644196
2023-07-24T17:12:05.448782Z,12501,2145.5533504486084,1086.604356765747
2023-07-24T17:12:05.465465Z,12502,2145.754098892212,1087.778091430664
2023-07-24T17:12:05.482149Z,12503,2145.7321643829346,1088.9285802841187
2023-07-24T17:12:05.498832Z,12504,2145.5819606781006,1089.9823307991028
2023-07-24T17:12:05.515516Z,12505,2145.7741260528564,1091.3196802139282
2023-07-24T17:12:05.532199Z,12506,2145.7035541534424,1092.3307836055756
2023-07-24T17:12:05.548882Z,12507,2145.728826522827,1093.7065780162811
2023-07-24T17:12:05.565566Z,12508,2145.8659172058105,1094.709187746048
2023-07-24T17:12:05.582249Z,12509,2145.9059715270996,1095.916986465454
2023-07-24T17:12:05.598932Z,12510,2146.2299823760986,1096.9095826148987
2023-07-24T17:12:05.615616Z,12511,2146.0342407226562,1098.2663333415985
2023-07-24T17:12:05.632299Z,12512,2145.983934402466,1099.4936227798462
2023-07-24T17:12:05.648982Z,12513,2145.883083343506,1100.6363332271576
2023-07-24T17:12:05.665666Z,12514,2146.073341369629,1102.030634880066
2023-07-24T17:12:05.682349Z,12515,2145.9672451019287,1103.369951248169
2023-07-24T17:12:05.699032Z,12516,2145.894765853882,1104.5699715614319
2023-07-24T17:12:05.715716Z,12517,2145.944356918335,1105.75532913208
2023-07-24T17:12:05.732399Z,12518,2145.8821296691895,1106.9672405719757
2023-07-24T17:12:05.749082Z,12519,2145.881175994873,1108.5640490055084
2023-07-24T17:12:05.765766Z,12520,2145.975351333618,1109.8019778728485
2023-07-24T17:12:05.782449Z,12521,2145.7409858703613,1110.9342277050018
2023-07-24T17:12:05.799132Z,12522,2145.5812454223633,1112.377792596817
2023-07-24T17:12:05.815816Z,12523,2145.418643951416,1113.6558651924133
2023-07-24T17:12:05.832499Z,12524,2145.1492309570312,1115.1199042797089
2023-07-24T17:12:05.849183Z,12525,2144.9081897735596,1116.5416538715363
2023-07-24T17:12:05.865866Z,12526,2144.859552383423,1117.8638935089111
2023-07-24T17:12:05.882549Z,12527,2144.7603702545166,1119.212418794632
2023-07-24T17:12:05.899233Z,12528,2144.7768211364746,1120.3607618808746
2023-07-24T17:12:05.915916Z,12529,2144.51003074646,1121.7497885227203
2023-07-24T17:12:05.932599Z,12530,2144.0186500549316,1123.280793428421
2023-07-24T17:12:05.949283Z,12531,2143.7387466430664,1124.9279379844666
2023-07-24T17:12:05.965966Z,12532,2143.6233520507812,1126.3966262340546
2023-07-24T17:12:05.982649Z,12533,2143.4109210968018,1127.6383101940155
2023-07-24T17:12:05.999333Z,12534,2143.3558464050293,1129.3527781963348
2023-07-24T17:12:06.016016Z,12535,2143.3424949645996,1130.9178471565247
2023-07-24T17:12:06.032699Z,12536,2142.8468227386475,1132.6480507850647
2023-07-24T17:12:06.049383Z,12537,2142.575263977051,1134.240746498108
2023-07-24T17:12:06.066066Z,12538,2142.500638961792,1135.914534330368
2023-07-24T17:12:06.082749Z,12539,2142.422914505005,1137.428194284439
2023-07-24T17:12:06.099433Z,12540,2142.39764213562,1139.0719413757324
2023-07-24T17:12:06.116116Z,12541,2142.315626144409,1140.7923996448517
2023-07-24T17:12:06.132799Z,12542,2142.394542694092,1142.5540745258331
2023-07-24T17:12:06.149483Z,12543,2142.2717571258545,1144.102156162262
2023-07-24T17:12:06.166166Z,12544,2142.307758331299,1145.7375884056091
2023-07-24T17:12:06.182850Z,12545,2142.2717571258545,1147.2880840301514
2023-07-24T17:12:06.199533Z,12546,2142.3377990722656,1148.839831352234
2023-07-24T17:12:06.216216Z,12547,2142.5015926361084,1150.3334641456604
2023-07-24T17:12:06.232900Z,12548,2142.4214839935303,1151.735097169876
2023-07-24T17:12:06.249583Z,12549,2142.9357528686523,1153.240442276001
2023-07-24T17:12:06.266266Z,12550,2142.714500427246,1154.7893285751343
2023-07-24T17:12:06.282950Z,12551,2142.860174179077,1156.2077701091766
2023-07-24T17:12:06.299633Z,12552,2142.862319946289,1157.6515138149261
2023-07-24T17:12:06.316316Z,12553,2142.8864002227783,1159.149169921875
2023-07-24T17:12:06.333000Z,12554,2142.706871032715,1160.6454849243164
2023-07-24T17:12:06.349683Z,12555,2142.996072769165,1162.059098482132
2023-07-24T17:12:06.366366Z,12556,2142.965316772461,1163.5397672653198
2023-07-24T17:12:06.383050Z,12557,2143.0795192718506,1164.7676825523376
2023-07-24T17:12:06.399733Z,12558,2142.8966522216797,1166.200339794159
2023-07-24T17:12:06.416416Z,12559,2142.838478088379,1167.4714386463165
2023-07-24T17:12:06.433100Z,12560,2142.9495811462402,1168.9121425151825
2023-07-24T17:12:06.449783Z,12561,2142.896890640259,1170.162945985794
2023-07-24T17:12:06.466466Z,12562,2142.718553543091,1171.4021265506744
2023-07-24T17:12:06.483150Z,12563,2142.6453590393066,1172.6823449134827
2023-07-24T17:12:06.499833Z,12564,2142.8616046905518,1173.8807559013367
2023-07-24T17:12:06.516517Z,12565,2142.545461654663,1175.413191318512
2023-07-24T17:12:06.533200Z,12566,2142.53306388855,1176.6929626464844
2023-07-24T17:12:06.549883Z,12567,2142.4036026000977,1178.065448999405
2023-07-24T17:12:06.566567Z,12568,2142.164707183838,1179.5366406440735
2023-07-24T17:12:06.583250Z,12569,2141.803741455078,1180.8803379535675
2023-07-24T17:12:06.599933Z,12570,2141.648292541504,1182.1999847888947
2023-07-24T17:12:06.616617Z,12571,2141.5889263153076,1183.780163526535
2023-07-24T17:12:06.633300Z,12572,2141.650915145874,1185.2025389671326
2023-07-24T17:12:06.649983Z,12573,2141.3586139678955,1186.4930391311646
2023-07-24T17:12:06.666667Z,12574,2141.3307189941406,1187.9763007164001
2023-07-24T17:12:06.683350Z,12575,2141.2525177001953,1189.32643532753
2023-07-24T17:12:06.700033Z,12576,2141.437768936157,1190.7809972763062
2023-07-24T17:12:06.716717Z,12577,2141.277074813843,1192.1335458755493
2023-07-24T17:12:06.733400Z,12578,2141.340494155884,1193.6427354812622
2023-07-24T17:12:06.750083Z,12579,2141.2527561187744,1194.8952376842499
2023-07-24T17:12:06.766767Z,12580,2141.5047645568848,1196.2257027626038
2023-07-24T17:12:06.783450Z,12581,2141.6115760803223,1197.5368559360504
2023-07-24T17:12:06.800133Z,12582,2141.570806503296,1198.9135444164276
2023-07-24T17:12:06.816817Z,12583,2141.3111686706543,1200.5553245544434
2023-07-24T17:12:06.833500Z,12584,2141.6337490081787,1201.7911076545715
2023-07-24T17:12:06.850184Z,12585,2141.7927742004395,1203.1540274620056
2023-07-24T17:12:06.866867Z,12586,2141.7741775512695,1204.6830654144287
2023-07-24T17:12:06.883550Z,12587,2141.9756412506104,1206.0478627681732
2023-07-24T17:12:06.900234Z,12588,2142.4179077148438,1207.4622809886932
2023-07-24T17:12:06.916917Z,12589,2142.655611038208,1208.8139355182648
2023-07-24T17:12:06.933600Z,12590,2142.7102088928223,1210.1985812187195
2023-07-24T17:12:06.950284Z,12591,2142.9433822631836,1211.6950750350952
2023-07-24T17:12:06.966967Z,12592,2143.2061195373535,1213.0827605724335
2023-07-24T17:12:06.983650Z,12593,2143.280267715454,1214.5748734474182
2023-07-24T17:12:07.000334Z,12594,2143.3753967285156,1216.2350714206696
2023-07-24T17:12:07.017017Z,12595,2143.744707107544,1217.661827802658
2023-07-24T17:12:07.033700Z,12596,2144.197702407837,1219.2618548870087
2023-07-24T17:12:07.050384Z,12597,2144.3612575531006,1220.555305480957
2023-07-24T17:12:07.067067Z,12598,2144.5422172546387,1222.1280634403229
2023-07-24T17:12:07.083750Z,12599,2144.6373462677,1223.621428012848
2023-07-24T17:12:07.100434Z,12600,2144.8168754577637,1225.097268819809
2023-07-24T17:12:07.117117Z,12601,2145.0443267822266,1226.3820469379425
2023-07-24T17:12:07.133800Z,12602,2145.3194618225098,1227.6482284069061
2023-07-24T17:12:07.150484Z,12603,2145.4920768737793,1228.8595139980316
2023-07-24T17:12:07.167167Z,12604,2145.8866596221924,1230.1917672157288
2023-07-24T17:12:07.183851Z,12605,2146.022081375122,1231.5426170825958
2023-07-24T17:12:07.200534Z,12606,2145.975351333618,1232.9200208187103
2023-07-24T17:12:07.217217Z,12607,2146.2693214416504,1234.318882226944
2023-07-24T17:12:07.233901Z,12608,2146.313428878784,1235.6076836585999
2023-07-24T17:12:07.250584Z,12609,2146.517276763916,1236.7662191390991
2023-07-24T17:12:07.267267Z,12610,2146.728277206421,1237.9592657089233
2023-07-24T17:12:07.283951Z,12611,2146.9647884368896,1239.0146255493164
2023-07-24T17:12:07.300634Z,12612,2147.3312377929688,1240.1472330093384
2023-07-24T17:12:07.317317Z,12613,2147.4790573120117,1241.501122713089
2023-07-24T17:12:07.334001Z,12614,2147.5629806518555,1242.7513003349304
2023-07-24T17:12:07.350684Z,12615,2147.8826999664307,1243.826687335968
2023-07-24T17:12:07.367367Z,12616,2147.7091312408447,1245.165377855301
2023-07-24T17:12:07.384051Z,12617,2147.8288173675537,1246.4210093021393
2023-07-24T17:12:07.400734Z,12618,2147.868871688843,1247.753620147705
2023-07-24T17:12:07.417417Z,12619,2147.926092147827,1249.2094337940216
2023-07-24T17:12:07.434101Z,12620,2148.286819458008,1250.3536641597748
2023-07-24T17:12:07.450784Z,12621,2148.4761238098145,1251.9427835941315
2023-07-24T17:12:07.467467Z,12622,2148.6573219299316,1253.2393634319305
2023-07-24T17:12:07.484151Z,12623,2148.7574577331543,1254.889190196991
2023-07-24T17:12:07.500834Z,12624,2149.0252017974854,1256.2842965126038
2023-07-24T17:12:07.517518Z,12625,2149.298906326294,1257.330447435379
2023-07-24T17:12:07.534201Z,12626,2149.4789123535156,1259.0959668159485
2023-07-24T17:12:07.550884Z,12627,2149.495840072632,1260.7099413871765
2023-07-24T17:12:07.567568Z,12628,2149.6477127075195,1262.2999548912048
2023-07-24T17:12:07.584251Z,12629,2150.0914096832275,1264.0821933746338
2023-07-24T17:12:07.600934Z,12630,2150.3469944000244,1265.6761407852173
2023-07-24T17:12:07.617618Z,12631,2150.7043838500977,1267.0526504516602
2023-07-24T17:12:07.634301Z,12632,2150.7182121276855,1268.7872350215912
2023-07-24T17:12:07.650984Z,12633,2150.947093963623,1270.2073752880096
2023-07-24T17:12:07.667668Z,12634,2151.461362838745,1271.5925574302673
2023-07-24T17:12:07.684351Z,12635,2151.628017425537,1273.3350992202759
2023-07-24T17:12:07.701034Z,12636,2152.0767211914062,1274.6927440166473
2023-07-24T17:12:07.717718Z,12637,2152.2271633148193,1276.3511538505554
2023-07-24T17:12:07.734401Z,12638,2152.4417400360107,1277.7969539165497
2023-07-24T17:12:07.751084Z,12639,2152.2371768951416,1279.324471950531
2023-07-24T17:12:07.767768Z,12640,2152.5111198425293,1280.6843519210815
2023-07-24T17:12:07.784451Z,12641,2152.454376220703,1281.9968461990356
2023-07-24T17:12:07.801134Z,12642,2152.564764022827,1283.467411994934
2023-07-24T17:12:07.817818Z,12643,2152.580499649048,1284.9479019641876
2023-07-24T17:12:07.834501Z,12644,2152.5442600250244,1286.1995995044708
2023-07-24T17:12:07.851185Z,12645,2152.4713039398193,1287.5652015209198
2023-07-24T17:12:07.867868Z,12646,2152.6424884796143,1288.67769241333
2023-07-24T17:12:07.884551Z,12647,2152.824640274048,1289.5954549312592
2023-07-24T17:12:07.901235Z,12648,2152.9533863067627,1290.917158126831
2023-07-24T17:12:07.917918Z,12649,2153.2864570617676,1292.0149862766266
2023-07-24T17:12:07.934601Z,12650,2153.5305976867676,1292.8799986839294
2023-07-24T17:12:07.951285Z,12651,2153.6993980407715,1293.8129603862762
2023-07-24T17:12:07.967968Z,12652,2153.757333755493,1294.8521375656128
2023-07-24T17:12:07.984651Z,12653,2153.839349746704,1295.9719598293304
2023-07-24T17:12:08.001335Z,12654,2154.175281524658,1296.8468070030212
2023-07-24T17:12:08.018018Z,12655,2154.402017593384,1297.70627617836
2023-07-24T17:12:08.034701Z,12656,2154.479503631592,1298.7560033798218
2023-07-24T17:12:08.051385Z,12657,2154.7141075134277,1299.534648656845
2023-07-24T17:12:08.068068Z,12658,2155.184745788574,1300.304800271988
2023-07-24T17:12:08.084751Z,12659,2155.247449874878,1301.275134086609
2023-07-24T17:12:08.101435Z,12660,2155.4949283599854,1302.1821677684784
2023-07-24T17:12:08.118118Z,12661,2155.8337211608887,1303.1211197376251
2023-07-24T17:12:08.134801Z,12662,2156.226396560669,1303.7954270839691
2023-07-24T17:12:08.151485Z,12663,2156.2588214874268,1304.6273589134216
2023-07-24T17:12:08.168168Z,12664,2156.660795211792,1305.4283559322357
2023-07-24T17:12:08.184852Z,12665,2156.8915843963623,1306.2971234321594
2023-07-24T17:12:08.201535Z,12666,2156.9783687591553,1307.06325173378
2023-07-24T17:12:08.218218Z,12667,2157.2556495666504,1307.7988028526306
2023-07-24T17:12:08.234902Z,12668,2157.303810119629,1308.5262179374695
2023-07-24T17:12:08.251585Z,12669,2157.5376987457275,1309.2091083526611
2023-07-24T17:12:08.268268Z,12670,2157.599925994873,1310.0301325321198
2023-07-24T17:12:08.284952Z,12671,2157.733678817749,1310.981959104538
2023-07-24T17:12:08.301635Z,12672,2157.606840133667,1311.694085597992
2023-07-24T17:12:08.318318Z,12673,2157.5911045074463,1312.8544092178345
2023-07-24T17:12:08.335002Z,12674,2157.7529907226562,1313.6587142944336
2023-07-24T17:12:08.351685Z,12675,2157.824993133545,1314.6789371967316
2023-07-24T17:12:08.368368Z,12676,2157.771110534668,1315.368801355362
2023-07-24T17:12:08.385052Z,12677,2157.745838165283,1316.266804933548
2023-07-24T17:12:08.401735Z,12678,2157.864809036255,1316.8365061283112
2023-07-24T17:12:08.418418Z,12679,2157.85551071167,1317.669689655304
2023-07-24T17:12:08.435102Z,12680,2158.09965133667,1318.1140422821045
2023-07-24T17:12:08.451785Z,12681,2158.1408977508545,1318.1767165660858
2023-07-24T17:12:08.468468Z,12682,2158.1766605377197,1318.3951377868652
2023-07-24T17:12:08.485152Z,12683,2158.3092212677,1318.470060825348
2023-07-24T17:12:08.501835Z,12684,2158.3592891693115,1318.4667527675629
2023-07-24T17:12:08.518519Z,12685,2158.1923961639404,1318.4128403663635
2023-07-24T17:12:08.535202Z,12686,2158.44464302063,1318.475067615509
2023-07-24T17:12:08.551885Z,12687,2158.357858657837,1318.3990716934204
2023-07-24T17:12:08.568569Z,12688,2158.214330673218,1318.5245096683502
2023-07-24T17:12:08.585252Z,12689,2158.4339141845703,1318.3493614196777
2023-07-24T17:12:08.601935Z,12690,2158.3564281463623,1318.3515965938568
2023-07-24T17:12:08.618619Z,12691,2158.5538387298584,1318.1359469890594
2023-07-24T17:12:08.635302Z,12692,2158.632516860962,1318.1565999984741
2023-07-24T17:12:08.651985Z,12693,2158.473253250122,1318.15767288208
2023-07-24T17:12:08.668669Z,12694,2158.510684967041,1318.1051909923553
2023-07-24T17:12:08.685352Z,12695,2158.535957336426,1318.0456459522247
2023-07-24T17:12:08.702035Z,12696,2158.5605144500732,1317.8154230117798
2023-07-24T17:12:08.718719Z,12697,2158.548355102539,1317.9842233657837
2023-07-24T17:12:08.735402Z,12698,2158.5259437561035,1317.9549872875214
2023-07-24T17:12:08.752085Z,12699,2158.3824157714844,1318.074256181717
2023-07-24T17:12:08.768769Z,12700,2158.6294174194336,1317.9174363613129
2023-07-24T17:12:08.785452Z,12701,2158.489465713501,1317.8801536560059
2023-07-24T17:12:08.802135Z,12702,2158.5206985473633,1318.1835114955902
2023-07-24T17:12:08.818819Z,12703,2158.522844314575,1318.0104196071625
2023-07-24T17:12:08.835502Z,12704,2158.6225032806396,1318.1152045726776
2023-07-24T17:12:08.852186Z,12705,2158.416748046875,1318.1019723415375
2023-07-24T17:12:08.868869Z,12706,2158.6358547210693,1318.1611597537994
2023-07-24T17:12:08.885552Z,12707,2158.7719917297363,1317.9609775543213
2023-07-24T17:12:08.902236Z,12708,2158.6215496063232,1318.3163702487946
2023-07-24T17:12:08.918919Z,12709,2158.7860584259033,1318.4797167778015
2023-07-24T17:12:08.935602Z,12710,2158.6010456085205,1318.799078464508
2023-07-24T17:12:08.952286Z,12711,2158.604621887207,1318.9228177070618
2023-07-24T17:12:08.968969Z,12712,2158.581495285034,1318.90270113945
2023-07-24T17:12:08.985652Z,12713,2158.461093902588,1318.9183473587036
2023-07-24T17:12:09.002336Z,12714,2158.498525619507,1318.960726261139
2023-07-24T17:12:09.019019Z,12715,2158.679485321045,1318.8482522964478
2023-07-24T17:12:09.035702Z,12716,2158.508539199829,1319.021612405777
2023-07-24T17:12:09.052386Z,12717,2158.5309505462646,1318.960189819336
2023-07-24T17:12:09.069069Z,12718,2158.521890640259,1318.9935386180878
2023-07-24T17:12:09.085752Z,12719,2158.50830078125,1318.8572824001312
2023-07-24T17:12:09.102436Z,12720,2158.461570739746,1318.9140558242798
2023-07-24T17:12:09.119119Z,12721,2158.28275680542,1318.6951875686646
2023-07-24T17:12:09.135802Z,12722,2158.2345962524414,1318.8191056251526
2023-07-24T17:12:09.152486Z,12723,2158.430337905884,1318.757325410843
2023-07-24T17:12:09.169169Z,12724,2158.2469940185547,1318.7474012374878
2023-07-24T17:12:09.185853Z,12725,2158.5922241210938,1318.7857568264008
2023-07-24T17:12:09.202536Z,12726,2158.517360687256,1318.786472082138
2023-07-24T17:12:09.219219Z,12727,2158.680200576782,1318.87087225914
2023-07-24T17:12:09.235903Z,12728,2158.5757732391357,1318.9874589443207
2023-07-24T17:12:09.252586Z,12729,2158.6434841156006,1318.9483880996704
2023-07-24T17:12:09.269269Z,12730,2158.4532260894775,1318.913072347641
2023-07-24T17:12:09.285953Z,12731,2158.4956645965576,1319.0609514713287
2023-07-24T17:12:09.302636Z,12732,2158.362627029419,1318.8535273075104
2023-07-24T17:12:09.319319Z,12733,2158.465623855591,1319.0165162086487
2023-07-24T17:12:09.336003Z,12734,2158.521890640259,1319.0152645111084
2023-07-24T17:12:09.352686Z,12735,2158.488988876343,1319.1449046134949
2023-07-24T17:12:09.369369Z,12736,2158.6811542510986,1319.0624713897705
2023-07-24T17:12:09.386053Z,12737,2158.637523651123,1319.0476298332214
2023-07-24T17:12:09.402736Z,12738,2158.728837966919,1319.072663784027
2023-07-24T17:12:09.419419Z,12739,2158.618688583374,1319.0115988254547
2023-07-24T17:12:09.436103Z,12740,2158.568859100342,1319.0434277057648
2023-07-24T17:12:09.452786Z,12741,2158.550500869751,1319.0083801746368
2023-07-24T17:12:09.469469Z,12742,2158.4572792053223,1319.1319406032562
2023-07-24T17:12:09.486153Z,12743,2158.5233211517334,1319.0262615680695
2023-07-24T17:12:09.502836Z,12744,2158.499002456665,1319.0554082393646
2023-07-24T17:12:09.519520Z,12745,2158.5962772369385,1318.9657330513
2023-07-24T17:12:09.536203Z,12746,2158.5376262664795,1318.9688622951508
2023-07-24T17:12:09.552886Z,12747,2158.4689617156982,1319.141685962677
2023-07-24T17:12:09.569570Z,12748,2158.4341526031494,1319.0965354442596
2023-07-24T17:12:09.586253Z,12749,2158.4248542785645,1319.2789256572723
2023-07-24T17:12:09.602936Z,12750,2158.5545539855957,1318.9692199230194
