,MAD,MAE,RMS,STD
0,34.64101615137755,151.67429109373532,462.5749913036405,437.00175285778414
1,34.64101615137755,2222.5947156914053,15611.517117251533,15452.492984370461
2,34.64101615137755,48.80877682542813,52.04268635639262,18.059471420708956
3,34.64101615137755,342.7274114188408,371.6315039984482,143.6937584806286
4,34.64101615137755,1688.542466531428,4278.514399135349,3931.22243104209
5,34.64101615137755,93.24088688350713,99.9915198599614,36.117046627348756
6,34.64101615137755,136.0953162609358,164.3304200717831,92.10077009886808
7,34.64101615137755,165.89748276056793,433.2275193106154,400.2050833032193
8,34.64101615137755,35.89610259070422,37.904897015223256,12.17583822709217
9,34.64101615137755,17344.062259432376,216729.04167073098,216033.9348525004
10,34.64101615137755,161.3707632551725,245.20213494699152,184.61734411751706
11,34.64101615137755,276.7625198591336,305.1403913956323,128.50356439532084
12,34.64101615137755,126.81399001909656,143.5926292484846,67.35766556175496
13,34.64101615137755,351.0519438435405,414.89059057580545,221.12606104214012
14,34.64101615137755,5010.089782288506,37699.09021651609,37364.6946130492
15,34.64101615137755,441.46227839518815,1749.135767388861,1692.5090810725799
16,34.64101615137755,164.4179515642308,1529.4058655228819,1520.5423501827295
17,34.64101615137755,579.0363145005615,973.3161758289095,782.3434825061303
18,34.64101615137755,2522.4494334475235,3225.903097264155,2010.8952356198802
19,34.64101615137755,4616.383864110741,27533.686555398144,27143.929254072453
20,34.64101615137755,52.764706019101766,56.4823747938034,20.153026101939226
21,34.64101615137755,88.02404928687389,94.73868810816414,35.031211392100026
22,34.64101615137755,125.03667738059391,134.61381404221484,49.8669052640453
23,34.64101615137755,74.84983106802471,83.61009233114635,37.25788948277905
24,34.64101615137755,44.3839249312515,48.62650890623463,19.86465645575446
25,34.64101615137755,126.8884837358593,139.2846500031276,57.44150434753886
26,34.64101615137755,4804.3364544474925,95293.01918207188,95171.83331252575
27,34.64101615137755,387.20064685164056,903.57751245371,816.411648673453
28,34.64101615137755,1854.8864719772534,4619.95868579859,4231.242658435179
29,34.64101615137755,954.492597826499,2902.3077303964674,2740.863740249324
30,34.64101615137755,233.5423464902726,283.7378032938287,161.13693994185456
31,34.64101615137755,228.7935157159792,253.1245891736101,108.28473950945664
32,34.64101615137755,96.01336787510866,106.43887756001529,45.94200524046569
33,34.64101615137755,1382.575033389377,16372.60314504835,16314.123329872662
34,34.64101615137755,146.04968691109914,225.8557203873917,172.2797010238803
35,34.64101615137755,1308.743930206421,13304.506286634787,13239.98024380144
36,34.64101615137755,107.86523270050834,113.44545749618295,35.142046055735555
37,34.64101615137755,607.3122493514361,1125.4978987684806,947.5850103921887
38,34.64101615137755,7959.967746941744,68171.13717954839,67704.82152565244
39,34.64101615137755,3207.429110444782,9731.650842840429,9187.895658333753
40,34.64101615137755,130.0817214347162,206.26554679496184,160.07567442683316
41,34.64101615137755,3550.5430375305027,11581.594461849501,11023.927359039822
42,34.64101615137755,431.6195301899975,1474.3505160452562,1409.756725581218
43,34.64101615137755,355.86214769728934,996.7570622527857,931.0675448038537
44,34.64101615137755,636.9466132122926,2173.2517836414336,2077.816721228815
45,34.64101615137755,305.27309883998015,557.3423598278004,466.30337891018644
46,34.64101615137755,21916.95664878791,301365.8348770977,300567.81837453134
47,34.64101615137755,268.01769452803865,460.3614830925347,374.298290852407
48,34.64101615137755,53.13605735978073,58.31722611423616,24.030361418776877
49,34.64101615137755,938.9597541145804,4238.105533939319,4132.7827304323855
50,34.64101615137755,35153.72987855203,947472.9823277362,946820.6099978182
51,34.64101615137755,59.05145013095303,63.28449547232981,22.75639700433482
52,34.64101615137755,205.2833457447908,223.66067634626089,88.78539352557681
53,34.64101615137755,1477.2475262854866,25197.546358423744,25154.20605447521
54,34.64101615137755,34.7488300570014,37.25897868473448,13.444340902369834
55,34.64101615137755,29.04635289105351,30.7761007012829,10.172401786397009
56,34.64101615137755,32.708556256416806,35.27407934834084,13.206476498061939
57,34.64101615137755,31.482319355967235,33.702182616917646,12.029159617901687
58,34.64101615137755,110.38087150502294,117.52013532056989,40.33665097100495
59,34.64101615137755,770.2335734949334,4407.44331387292,4339.619431155725
60,34.64101615137755,13.990169688500854,15.33841802754724,6.288260464924949
61,34.64101615137755,116.33260973143024,130.2153390085935,58.50434536167103
62,34.64101615137755,62.76632462825474,67.70007921595636,25.371031088769534
63,34.64101615137755,41.69317591494965,47.134678142243345,21.985380726699614
64,34.64101615137755,84.15220785860971,91.74540525806631,36.54620771691868
65,34.64101615137755,98.14362557841486,107.17744462729523,43.067776761296216
66,34.64101615137755,1321.467434083024,3108.691100433607,2813.8379801568426
67,34.64101615137755,2026.0885821608504,38556.10557347804,38502.8342080219
68,34.64101615137755,165.9999587893619,393.58931138619994,356.8705083351567
69,34.64101615137755,21162.614925185957,216229.01353404074,215190.91529019686
70,34.64101615137755,1141.1746772892911,4029.375913837131,3864.400420624718
71,34.64101615137755,2249.632854330326,6383.701735964637,5974.177757187638
72,48.98979485566356,121.5994142111904,133.21959909854115,54.41547617609694
73,48.98979485566356,38.46700230557581,41.80317793622812,16.364455969899353
74,48.98979485566356,29.208480896754033,32.49885929758132,14.249228026385937
75,48.98979485566356,22553.274473892787,302147.1878111056,301304.2862500712
76,48.98979485566356,125.07321913850282,135.94894133517096,53.280432660459944
77,48.98979485566356,182.4978323240415,207.22785892702365,98.17294287381037
78,48.98979485566356,104.30274320210157,108.79057754363917,30.92454563603192
79,48.98979485566356,94.71004938475551,101.00956953140457,35.113240842406256
80,48.98979485566356,303.4523532058552,857.5270681563129,802.0407358448762
81,48.98979485566356,1039.615164043834,2485.9704567238446,2258.1517713373196
82,48.98979485566356,15.96753671927312,17.11458113202831,6.160085912018117
83,48.98979485566356,339.5326965156413,764.3809128078377,684.8326276264592
84,48.98979485566356,4060.97715193869,32338.56887396373,32082.573172791606
85,48.98979485566356,1016.3792508456341,5157.632528045681,5056.495477384051
86,48.98979485566356,36133.61860178492,431881.68827899045,430367.4642412596
87,48.98979485566356,16.614288537958313,18.136615765195973,7.273393141568947
88,48.98979485566356,1131.7847634436512,4163.6359488511125,4006.8600629173593
89,48.98979485566356,132.01790001233778,142.17269333924799,52.76692910970127
90,48.98979485566356,14848.910282770337,235973.09236363106,235505.4355701137
91,48.98979485566356,85.4998314342034,89.43138887590936,26.225028903643384
92,48.98979485566356,280.4729650544617,324.7731686509936,163.7453112280332
93,48.98979485566356,115.35872726054968,124.70360759903181,47.36405591837979
94,48.98979485566356,100.98007578722977,110.58403225650574,45.076074408861665
95,48.98979485566356,1002.5954584258641,23161.298869534334,23139.588753273823
96,48.98979485566356,25.63370748461115,27.956100768336285,11.156012314566647
97,48.98979485566356,7.401236302020521,8.211997426747379,3.557893047656038
98,48.98979485566356,5015.514265369287,27676.574037141556,27218.327779039904
99,48.98979485566356,1592.2731442383813,5654.60363779728,5425.791051517506
100,48.98979485566356,89.31065768179887,94.71689503784538,31.541982024830876
101,48.98979485566356,85.49346802930265,94.23860664050855,39.6457047593697
102,48.98979485566356,105.78140044645092,110.3319286522669,31.359684305115493
103,48.98979485566356,199.64055299528056,434.44938690426164,385.862565405388
104,48.98979485566356,1216.2983651545742,3357.2157902495665,3129.1398417493797
105,48.98979485566356,52.928510863195115,57.208822852188156,21.712258057090295
106,48.98979485566356,272.68436662341827,322.0364487004031,171.32049057469035
107,48.98979485566356,743.3288099906364,1962.6297291846925,1816.4189313364589
108,48.98979485566356,13383.613635284253,30887.39918828163,27837.210971605862
109,48.98979485566356,111.74937609769556,120.67891137264428,45.5573988706809
110,48.98979485566356,2534.7583662004267,19817.6253780267,19654.853742747233
111,48.98979485566356,8.564758240529056,9.155549231991047,3.235583103661768
112,48.98979485566356,133.92705114947137,147.3551100405344,61.45789961807097
113,48.98979485566356,42.958161323460565,45.69867136444808,15.587332683411992
114,48.98979485566356,1143.690541440963,8433.677138999203,8355.769385897162
115,48.98979485566356,454.4540033439331,1296.590283736396,1214.338471236212
116,48.98979485566356,19.763413089278437,21.327533648686536,8.01693174465108
117,48.98979485566356,97.80168713757453,102.62525473637749,31.092971918913715
118,48.98979485566356,94.93871508861349,102.5815240537463,38.853692932749716
119,48.98979485566356,2732.029873995482,61680.59044842755,61620.05558934727
120,48.98979485566356,123.840310551503,135.97893694619532,56.15913795211478
121,48.98979485566356,256.86763056546295,288.9428985034663,132.31409208118865
122,48.98979485566356,358.25403304655276,392.17743961780246,159.55310072529005
123,48.98979485566356,59477.16982893667,952440.5689130935,950581.6659186295
124,48.98979485566356,40.049421611804874,43.949953868362385,18.10089151370945
125,48.98979485566356,21.101688613182635,22.99506152506867,9.13737337608417
126,66.332495807108,133.11964486259907,1075.265640515741,1066.9936072092385
127,66.332495807108,31.280154734824393,33.575380364288385,12.200741222240762
128,66.332495807108,78.10949640315,84.681611318713,32.70904870490547
129,66.332495807108,83.66074125795664,90.74737214805128,35.15630702941001
130,66.332495807108,122.48932673300958,130.30971976912673,44.46333211537757
131,66.332495807108,145.87017550452228,367.75369594628535,337.5865411719382
132,66.332495807108,244.0730621725849,285.4968355814084,148.11071348385042
133,66.332495807108,159.65804324621777,246.38399225531685,187.65495161720852
134,66.332495807108,137.26501409352804,145.65258893133594,48.71337155550078
135,66.332495807108,347.0537571634972,5593.371019199282,5582.593756315886
136,66.332495807108,8.484740178469547,9.063545453603952,3.187011185014801
137,66.332495807108,43.56600265387129,47.691051042630235,19.402055620826435
138,66.332495807108,142.39325937633458,160.89166610072178,74.9018551495893
139,66.332495807108,106.83765754860856,139.25936438260655,89.32460745938843
140,66.332495807108,5101.504283063663,13075.258743313545,12038.980241468975
141,66.332495807108,178.37896814976955,303.18495952346535,245.15722180484266
142,66.332495807108,16.062616671913382,17.647327518974066,7.308933862959058
143,66.332495807108,18.987046221294104,20.63509853540499,8.080802395574002
144,66.332495807108,569.1713354373098,7434.101692816239,7412.281158324325
145,66.332495807108,104.98877931627537,109.56784860917207,31.344372166640742
146,66.332495807108,127.49570254267967,135.1990415519316,44.98473818651685
147,66.332495807108,2795.765357732929,9959.406115248074,9558.946920709477
148,66.332495807108,104.02857812707435,108.76723864458808,31.754797042777057
149,66.332495807108,147.4020132349288,252.0235495326894,204.42239606595416
150,66.332495807108,18903.470492341672,230133.92640249012,229356.23576605
151,66.332495807108,2547.5948231317443,8302.400773635487,7901.874412012347
152,66.332495807108,86.49041446025522,94.25545293373192,37.46329689491069
153,66.332495807108,95.65926882326876,104.47439376493544,42.00241946303077
154,66.332495807108,9.332706039105423,10.00837337453121,3.614987633681532
155,66.332495807108,2408.0520230494812,8808.021874883298,8472.457424071838
156,66.332495807108,443.19147284318655,873.5360140853103,752.7592485669893
157,66.332495807108,2407.691036273228,40333.07659000865,40261.14865586119
158,66.332495807108,106.85565780773973,115.92367555328504,44.94626734511469
159,66.332495807108,171.96514588935383,295.3691941609654,240.14776588290653
160,66.332495807108,46012.628327604805,487526.82068250404,485350.63502500555
161,66.332495807108,3638.044979730352,6651.58955778663,5568.5071940974385
162,84.8528137423857,111.69626136181019,116.45531882405906,32.951274333589
163,84.8528137423857,9.853788626528303,10.932471099203827,4.735163570419542
164,84.8528137423857,6.374591781374279,7.074726117048948,3.0686037952283765
165,84.8528137423857,1134.3435451264256,2419.5259260301414,2137.1407132807203
166,84.8528137423857,2339.768251447596,66198.24486102004,66156.88253847127
167,84.8528137423857,248.0579422127761,611.6171398225679,559.0552593705758
168,84.8528137423857,891.8706498670587,13865.332357407395,13836.61837752542
169,84.8528137423857,3409.5447862794613,35582.77574657443,35419.047618214696
170,84.8528137423857,30.11692463056265,32.954334800235245,13.377557061100669
171,84.8528137423857,104.81195164646772,109.32168484336066,31.075481799154534
172,84.8528137423857,106.93076645739552,113.34469711865093,37.587651559423726
173,84.8528137423857,1664.5559006143062,4860.319019089189,4566.394050128634
174,84.8528137423857,105.88437249501345,110.52211614060553,31.680243331368857
175,84.8528137423857,2442.4045927100387,9020.070045727558,8683.10563308661
176,84.8528137423857,6.100087505297534,6.491891010199205,2.2211666565159316
177,84.8528137423857,104.84418244406204,109.40807448387349,31.2701802026315
178,84.8528137423857,171.8785057868963,330.5557304612785,282.355928199238
179,84.8528137423857,31.409508879653934,34.270000413461155,13.706774977271944
180,48.98979485566356,1539.9690257810294,24290.59663988284,24241.732209582762
181,48.98979485566356,115.8826367662707,428.1157114526462,412.1338094462792
182,48.98979485566356,1959.629772836883,5819.198820747581,5479.318029536276
183,48.98979485566356,1488.5611269132685,4647.435169291737,4402.594624106609
184,48.98979485566356,22.35761059043104,24.212157610966,9.293321519505527
185,48.98979485566356,136.97242778285957,151.59389599050235,64.95585677095303
186,48.98979485566356,101.11526715990176,110.63495065459847,44.89760632291137
187,48.98979485566356,186.9914670974903,217.98758534342252,112.03918330916252
188,48.98979485566356,221.80689940463327,260.38190097088267,136.38340709086808
189,48.98979485566356,9.341908928731625,9.896013669524534,3.2649386081059464
190,48.98979485566356,35.327946169198555,39.45435619470615,17.566514799611117
191,48.98979485566356,1482.1601822788527,6755.964673608153,6591.377690976937
192,48.98979485566356,273.69978661510595,311.1776100169491,148.05381380668965
193,48.98979485566356,551.6893054454254,11913.39746331155,11900.61670793137
194,48.98979485566356,925.2063929637264,11646.378807386094,11609.57072658378
195,48.98979485566356,355.78693865923066,917.1786161256636,845.3592539019611
196,48.98979485566356,252.6238499836118,334.3935126393691,219.08950617214307
197,48.98979485566356,103.76984237263409,108.28471318358993,30.94186360274714
198,48.98979485566356,247.50936413101567,279.2482784910906,129.30087280331094
199,48.98979485566356,285.1125306492883,3987.445915939745,3977.239718373952
200,48.98979485566356,2250.130278486661,7142.4584648138125,6778.76291453153
201,48.98979485566356,18.404878517524647,19.53950807358509,6.561464966976247
202,48.98979485566356,198.6813307299185,226.0939312052964,107.90826913287988
203,48.98979485566356,51.03588928022084,55.09800137006983,20.763616263870226
204,48.98979485566356,167.3967650223868,187.99332179865573,85.55590044487147
205,48.98979485566356,48.01769399202675,51.69358253920285,19.144908968847464
206,48.98979485566356,32.9748850185437,35.148281382405415,12.167934999438856
207,48.98979485566356,179.48529858613924,195.67875761329884,77.94359353101837
208,48.98979485566356,313.54835866751404,464.536237887688,342.7555150362349
209,48.98979485566356,246.64479155269314,2048.8549441109544,2033.9549967508694
210,48.98979485566356,128.09711725430853,826.6991552160995,816.714528942732
211,48.98979485566356,9154.176896150975,124723.75945754249,124387.3676004798
212,48.98979485566356,61.56337094226871,67.09541781466251,26.678576610245837
213,48.98979485566356,105.55006921216037,114.09674222239454,43.3272371040631
214,48.98979485566356,149.72184208054153,167.50396347059436,75.10624329819449
215,48.98979485566356,176.3152034767894,195.35765738040766,84.12825518278086
216,48.98979485566356,1647.0746357931143,3287.854267613786,2845.5457875762895
217,48.98979485566356,23.482893315383055,24.77035317168886,7.881885420921454
218,48.98979485566356,188.26340190949784,210.9661156001915,95.20290664100672
219,48.98979485566356,5483.99511852555,32757.253981155765,32294.945207043354
220,48.98979485566356,14.019192894084096,15.587232056950779,6.813518459334798
221,48.98979485566356,119.30191771467496,129.90511000871822,51.404183059145204
222,48.98979485566356,12007.615451924174,163349.2075291,162907.2766071046
223,48.98979485566356,261.3073626147177,293.9623252974092,134.65626958148027
224,48.98979485566356,140.81396933267433,153.50353041495575,61.11268191326496
225,48.98979485566356,185.19051113646097,203.0925031241441,83.37289373799375
226,48.98979485566356,39.520204941656615,41.77428268249994,13.536768263026243
227,48.98979485566356,141.84193971413822,154.4638722400759,61.15514668062914
228,60.0,411.73583840932724,514.4799915299081,308.48543086178756
229,60.0,489.76323820060736,833.2710855212848,674.1458836728706
230,60.0,130.87164745178907,144.1517179204638,60.4345073006771
231,60.0,15.183938370647503,16.33331686608786,6.018742011783577
232,60.0,137.82021886796474,175.048136349047,107.92329364164556
233,60.0,160.44691526989934,179.89750045387976,81.36275591403857
234,60.0,49.29916673037039,53.15998892675119,19.88910712886455
235,60.0,20.42788309774364,22.48525290655069,9.396179564933082
236,60.0,137.54092700101307,151.28825036298767,63.0129200846622
237,60.0,5834.185851460441,27672.405972430948,27050.403467483633
238,60.0,106.0461106849049,116.15008102619613,47.382103488520066
239,60.0,36.258516646422194,39.67382361234036,16.103796155696337
240,60.0,43.65923274973197,46.391835884509234,15.686740656999795
241,60.0,19.434102095971035,21.505660981243995,9.209187258579052
242,60.0,127.60271266140712,283.81194476725653,253.50891052194333
243,60.0,22.603375028663464,25.13138999265629,10.985180939637626
244,60.0,33.48489517881849,35.307828664415624,11.198417739094559
245,60.0,61.25898087179111,69.05779920716859,31.87972543619446
246,60.0,720.4689192874956,4486.046178356341,4427.813777778627
247,60.0,46.008624730625314,50.02432213790605,19.637699859033642
248,60.0,226.03974584099615,248.48041749094972,103.19181739176098
249,60.0,12.973770919718179,13.79124285790423,4.677568565865101
250,60.0,1137.0120304425802,2129.4011635080296,1800.4313254823664
251,60.0,1186.4725799361956,8373.879207019267,8289.399000579544
252,60.0,104.89556871731145,109.51190027044811,31.460705082950113
253,60.0,87.43829958839605,93.1781971241893,32.19813945562967
254,60.0,78.66352080042607,85.26247362518872,32.889814593076345
255,60.0,26.26963441562163,28.603319888291523,11.316192659261372
256,60.0,1675.5805695304507,13678.605776567507,13575.591543124669
257,60.0,137.87422162626856,152.1608695449504,64.37102789008416
258,60.0,73.91743553236242,80.23134703875483,31.197464191375555
259,60.0,49.35666658916927,52.60135059205871,18.188500414114873
260,60.0,361.10472256931746,2998.6713714275243,2976.849571805261
261,60.0,150.89913505612554,175.75390280085912,90.10485774389201
262,60.0,33.08484730571876,34.89510159272105,11.093285984035422
263,60.0,37.07138475247989,39.10808153456525,12.45610187208684
264,74.83314773547883,239.1137212448238,1174.7137310172263,1150.120418979189
265,74.83314773547883,14.911601719144095,16.406707703307273,6.842820458800677
266,74.83314773547883,20736.533651171725,586924.4727084652,586558.0387619316
267,74.83314773547883,115.57168391739316,129.05635929108732,57.43456929383543
268,74.83314773547883,115.23672394270328,126.48705986315089,52.148573976452255
269,74.83314773547883,16.04093730268598,17.232402115874468,6.296349190959183
270,74.83314773547883,3828.520830263906,39928.48014671491,39744.50848958686
271,74.83314773547883,278.6468297156934,318.2891293184825,153.83079708468986
272,74.83314773547883,9.556525252691623,10.182774742057202,3.5159247065523753
273,74.83314773547883,6311.388318404395,95880.28991908045,95672.33859617537
274,74.83314773547883,3388.0716630696584,8360.096543432805,7642.786443531019
275,74.83314773547883,21.153717314040772,23.09272761965035,9.262521941297296
276,74.83314773547883,94.95821512489364,103.71301413171764,41.7052356494995
277,74.83314773547883,8.249802689651682,9.230165393502817,4.1396508032964485
278,74.83314773547883,7.20884125293413,7.8633261442651845,3.1407810877358955
279,74.83314773547883,88.46544451075948,95.2354560703623,35.265524530958636
280,74.83314773547883,13.44924830096377,14.439681080556749,5.255674062117212
281,74.83314773547883,10.75617746474873,11.620148891227567,4.396874640142571
282,74.83314773547883,69.63728615933613,76.10216209168962,30.695072102742017
283,74.83314773547883,12.746005241545802,14.28280709724792,6.444992549234054
284,74.83314773547883,142.38923580752567,157.8135203492704,68.04713609828434
285,74.83314773547883,2247.624162905771,56636.47367948287,56591.85751032633
286,74.83314773547883,111.49041960080686,122.28070046357216,50.22405840927116
287,74.83314773547883,18710.820627284502,437195.07959738665,436794.5086829949
288,91.6515138991168,294.56912910185224,4765.790155624465,4756.677920106346
289,91.6515138991168,14.97611481851437,16.097907078296355,5.9041169741239115
290,91.6515138991168,2751.841380568918,18057.477823519177,17846.564777656105
291,91.6515138991168,70.92407123240805,76.77263988616528,29.390718856658193
292,91.6515138991168,10.657309907272666,11.51206638489724,4.353092922351747
293,91.6515138991168,155.54625206424097,168.50435649701856,64.8003211970584
294,91.6515138991168,1160.6881535646658,4105.613589977719,3938.129754132585
295,91.6515138991168,116.70786254956343,122.77060010863508,38.10374089438727
296,91.6515138991168,1270.0326369957556,13242.669146828353,13181.627488035201
297,91.6515138991168,177.48242761492975,190.86842800033997,70.21926156854822
298,91.6515138991168,281.57775938832884,305.68430131450197,118.98259321423274
299,91.6515138991168,13.558294424301797,14.78236821649367,5.889911917163875
300,66.332495807108,162.85997356775792,200.3433878094278,116.67948426552104
301,66.332495807108,20.370511843122877,21.67988352675481,7.4202154269835905
302,66.332495807108,30.971308573243483,34.46912829069944,15.129403503827593
303,66.332495807108,127.13797122483264,141.04021265345588,61.059625434207234
304,66.332495807108,105.20341257134032,119.99704450869004,57.71943064657596
305,66.332495807108,1632.8767124545702,4318.088930716878,3997.4498940578583
306,66.332495807108,173.79526697223352,347.50136935649266,300.9192697098137
307,66.332495807108,1008.7409847598711,6049.44071312895,5964.744300246893
308,66.332495807108,41.466881726379405,44.16433810894789,15.198239387900463
309,66.332495807108,113.85511554802407,132.078126445408,66.94508308214483
310,66.332495807108,76.58719447185513,82.81250764484103,31.50100102150882
311,66.332495807108,107.15216602674252,122.48636785446867,59.34074170380429
312,66.332495807108,26.818751811921928,28.51179199286177,9.67867934662321
313,66.332495807108,116.96421800764242,127.36136658291555,50.40128375079838
314,66.332495807108,4146.399420569853,19836.287177341062,19398.08394731406
315,66.332495807108,1993.8860670880856,24777.41224317899,24697.056015240123
316,66.332495807108,361.7703651114946,399.7496408547012,170.06462974574836
317,66.332495807108,62.22913856369838,68.61665673065411,28.909858085304524
318,66.332495807108,475.33133203228306,530.4517751505989,235.45532601501517
319,66.332495807108,37.39640930610246,40.833161208376346,16.39681753511041
320,66.332495807108,128.1498069239184,144.46578613299027,66.69325564392042
321,66.332495807108,34173.39591789137,618498.4020162538,617553.6027812473
322,66.332495807108,39.821730711773625,42.12469233467476,13.737520424370329
323,66.332495807108,1659.4426316715349,22883.102480879134,22822.853224402243
324,74.83314773547883,210.1129978635979,232.81393808212871,100.2739143251173
325,74.83314773547883,3224.339938470823,27706.213976116425,27517.956407617392
326,74.83314773547883,61.77197509052505,68.01636269742725,28.468380494919682
327,74.83314773547883,164.2167443748079,258.46964836617747,199.59814626763054
328,74.83314773547883,16.47183733659832,17.59910516348726,6.197344375789469
329,74.83314773547883,1754.1600186906608,7412.317908620044,7201.7622431788595
330,74.83314773547883,33.35408373302936,36.46917916749791,14.748088943355661
331,74.83314773547883,163.11066347949637,177.8157388485432,70.80500294140099
332,74.83314773547883,1450.5698794902464,9082.244441695371,8965.657316863171
333,74.83314773547883,36.624780261395244,40.986880904512006,18.39972491873627
334,74.83314773547883,103.28804091321514,107.90323469988134,31.220004212166145
335,74.83314773547883,51.70448814374389,55.375125127332495,19.825498446727106
336,74.83314773547883,7.658209333250938,8.281563954143685,3.1521629613140543
337,74.83314773547883,125.91278535581253,139.81624970401876,60.78284433322948
338,74.83314773547883,38584.821619967144,1388946.1739057454,1388410.1287256456
339,74.83314773547883,11.114258906840288,11.909595483284322,4.2792187987046955
340,74.83314773547883,163.9669176599483,180.7009452194699,75.94525341524381
341,74.83314773547883,11.611674103620416,12.506568251846879,4.645780230425812
342,87.17797887081348,15.534729880747204,16.724723858944664,6.195849876342462
343,87.17797887081348,36.18922710645146,38.65834160596888,13.594381823439551
344,87.17797887081348,16.828088821180373,18.505248193797858,7.698028146254276
345,87.17797887081348,48.26824516933255,51.37062937609489,17.581753916185605
346,87.17797887081348,212.7340163269459,242.527960025921,116.46480022625491
347,87.17797887081348,1765.688338172402,4744.039756957735,4403.209955025719
348,87.17797887081348,14.051524693152206,15.581466631498836,6.733257472148633
349,87.17797887081348,173.35163534709827,185.95130051940052,67.28370298477242
350,87.17797887081348,55.8687543486533,60.9987086921797,24.485194498782985
351,87.17797887081348,19.631022741846,20.886870954662424,7.133324918006045
352,87.17797887081348,8822.17377247671,89134.62711030424,88696.96161662591
353,87.17797887081348,61.645376683108914,66.76868769656,25.649662577086172
354,101.9803902718557,9.983565802043872,10.790270600312642,4.093696801697876
355,101.9803902718557,32.96987177400097,35.19426207544581,12.313555061033268
356,101.9803902718557,179.52277935253787,546.2908710166673,515.9508575917758
357,101.9803902718557,23886.66970889446,716911.4509542385,716513.4021911451
358,101.9803902718557,34.29801007132312,36.44678986938502,12.329436196782257
359,101.9803902718557,159.91438644282977,679.1082860801076,660.0117068895632
360,48.98979485566356,264.4362966345002,293.1870207905863,126.61782726887351
361,48.98979485566356,77.57273707945842,83.81820024269233,31.748403958707705
362,48.98979485566356,143.58304909391745,155.53879438126233,59.80154321144469
363,48.98979485566356,1015.8954480597961,2773.4276388297203,2580.6699336482343
364,48.98979485566356,102.65237129353515,107.87489545603803,33.158464039598314
365,48.98979485566356,125.90839999186191,150.96255785804954,83.2872660527062
366,48.98979485566356,146.88631725416553,162.29816066893306,69.02972374294599
367,48.98979485566356,2207.233679954964,39232.62637349095,39170.48750837818
368,48.98979485566356,165.6032412808808,256.73816368138444,196.18881509340872
369,48.98979485566356,83.32955027277818,89.39679064615919,32.37239918773012
370,48.98979485566356,2172.5818037066265,5208.402766018,4733.640003133616
371,48.98979485566356,4097.679261177674,52260.067749795904,52099.171834932014
372,48.98979485566356,103.96958367748293,110.09145913154411,36.20020778453242
373,48.98979485566356,103.65563052682191,115.12515031421017,50.09301842529033
374,48.98979485566356,235.47784636341584,272.02466136879787,136.1895747289662
375,48.98979485566356,481.4703183746263,1770.7000179118736,1703.985001682041
376,48.98979485566356,104.79987642071448,110.88487805719771,36.22764253940051
377,48.98979485566356,229.91942850794322,3722.7685735449872,3715.6618399107256
378,48.98979485566356,126.95165350488524,139.01184249096758,56.635413171523105
379,48.98979485566356,10.162481469176196,11.051736263189902,4.343367912088168
380,48.98979485566356,13.169683635682839,14.293168559067814,5.554646738898189
381,48.98979485566356,69.57044861256854,75.25146296282273,28.68336378270583
382,48.98979485566356,11.913691720891512,12.72545625079623,4.472268593285725
383,48.98979485566356,182.15886829294547,209.57767485673463,103.63854736818975
384,48.98979485566356,604.6778156995688,784.3058774400662,499.5001987865776
385,48.98979485566356,551.4702687407963,1770.9769857555398,1682.9260312832325
386,48.98979485566356,284.305419267602,1042.6324551540436,1003.121560487871
387,48.98979485566356,2526.400671417047,17566.488980933926,17383.86708315318
388,48.98979485566356,699.9897093642417,1031.6383091881162,757.8205643611681
389,48.98979485566356,255.89732704380205,623.7237235185245,568.812659222393
390,48.98979485566356,116.5973377915731,126.56634891921442,49.23516526486052
391,48.98979485566356,475.52336105154035,630.1595365766675,413.4955557593899
392,48.98979485566356,131.0187672174198,147.4371990028278,67.61516314131772
393,48.98979485566356,89.11572899731124,97.01631069774011,38.34776899218809
394,48.98979485566356,4830.631380546748,61675.7257625112,61486.259837444704
395,48.98979485566356,828.8055304593044,1837.5111137707477,1639.9781967791782
396,48.98979485566356,5287.609282355484,130156.10937671283,130048.66010905297
397,48.98979485566356,844.5971138762222,2114.41780488495,1938.4061413559455
398,48.98979485566356,493.69741901823795,1583.4980734553008,1504.5693759648905
399,48.98979485566356,530.4250916139166,1893.2291027635893,1817.4062995756876
400,48.98979485566356,179.11224586760108,208.97033038733275,107.6447971917595
401,48.98979485566356,83.38640216476354,89.17250384976703,31.598154643159667
402,48.98979485566356,631.5464781352907,2023.4603652312287,1922.3789677419509
403,48.98979485566356,132.71636350096034,145.59362189217657,59.865429045176306
404,48.98979485566356,127.74086386000818,137.6071518385964,51.166394610421605
405,48.98979485566356,1466.2423813084504,5898.613698474359,5713.473273157431
406,48.98979485566356,78.3114485984207,83.3292546380174,28.479496079538666
407,48.98979485566356,1123.0294174939656,5882.192425062973,5773.992782547564
408,48.98979485566356,122.14876394477496,148.8556381522642,85.07455833844485
409,48.98979485566356,113.54184040442637,123.81505967321225,49.38035519775937
410,48.98979485566356,402.96560186228993,668.6917326918036,533.6359780656932
411,48.98979485566356,239.10390675986216,328.48624330128547,225.23883726027898
412,48.98979485566356,71.17620750371006,78.82801099075718,33.879238511922665
413,48.98979485566356,16.465366138454865,17.69340094593304,6.476739531598292
414,48.98979485566356,2086.597402959526,20762.937013088926,20657.823328885854
415,48.98979485566356,741.4548988930699,3288.6350946195557,3203.9608952780372
416,48.98979485566356,609.1913385093522,4131.7448971404865,4086.5880399340017
417,48.98979485566356,10.03225286414875,10.94895280474322,4.385598019685986
418,48.98979485566356,190.95659815676558,211.99911342086654,92.08258093488148
419,48.98979485566356,209.53749828803853,236.959131293375,110.65110353946402
420,60.0,94.14934916553297,99.39275679798457,31.85624201957704
421,60.0,24.66697237363538,26.923218169691808,10.788890143621453
422,60.0,6400.400504541275,133018.06991556898,132863.99737116395
423,60.0,111.4113450950354,117.67742902141518,37.88785405911955
424,60.0,114.75131199804535,122.64256180569474,43.28203277332183
425,60.0,106.79162953213716,112.58140751990473,35.63875953275638
426,60.0,103.28347860591198,107.90133193931597,31.228520319422316
427,60.0,102.67673547811782,107.47582830400042,31.757544948997552
428,60.0,55.14587675263273,59.003607549519906,20.984708266764237
429,60.0,1165.7072825439093,3024.100947073177,2790.3965792540994
430,60.0,154.46063439768352,304.1344020543179,261.99169249119836
431,60.0,724.4980640403732,3391.2247659967347,3312.930420143375
432,60.0,15.719271328709862,16.99161203287715,6.451309043148967
433,60.0,2982.613794722197,9866.962296716074,9405.368675195536
434,60.0,148.05625745750208,229.64318091198416,175.5429724228576
435,60.0,864.9495839319275,1876.0068922614455,1664.711409544739
436,60.0,11762.624461470466,177175.986164805,176785.09761642694
437,60.0,180.92885526753076,530.8542014207184,499.0700677235708
438,60.0,2124.3682671026386,6201.540267518904,5826.33342295013
439,60.0,21.70556981388413,23.57747715196965,9.206827244292835
440,60.0,126.18804082248475,135.47569458671987,49.29748651946789
441,60.0,441.77073690160717,534.7764911763319,301.3710529103292
442,60.0,120.38405434145128,132.372825710307,55.04765614307141
443,60.0,113.29486972568637,126.21293181287628,55.62352605365389
444,60.0,49.092450696322196,54.326025647440794,23.264744728356018
445,60.0,14.790707521522982,15.975447065570949,6.037373597651783
446,60.0,15.77666693268317,16.858370960427667,5.941502498070026
447,60.0,99.95608871243056,105.40664121320509,33.45654407081012
448,60.0,19000.992338818876,343080.4411479197,342553.86640409025
449,60.0,252.22962273983325,561.4847299973962,501.64262122827074
450,60.0,30.120645764552062,32.91938119064479,13.282784222494557
451,60.0,106.96457246007891,113.8069269409611,38.86639754566647
452,60.0,598.6486571962542,2562.77387859187,2491.872737125622
453,60.0,206.98048564080005,270.55529121055724,174.23904317324516
454,60.0,59.914886122656746,63.761700985406186,21.81194474276475
455,60.0,83.61488311854627,88.8376913617083,30.011443276690084
456,60.0,16.129160600688454,17.359725620284063,6.419521160393984
457,60.0,18.997228238582576,20.379874964268733,7.378659960347032
458,60.0,277.9737885443764,399.08184641685654,286.3509961948339
459,60.0,118.84891833784988,139.12662456132279,72.32670510779789
460,60.0,47.57421386964422,50.81636398216884,17.860487760798065
461,60.0,25.757256790786684,28.389215654378756,11.9378091827729
462,60.0,127.22094434897475,136.5521374264603,49.61166752579444
463,60.0,10592.421311010221,103995.5153906032,103454.66558897789
464,60.0,16.945833126140357,18.174271033767276,6.568323018079765
465,74.83314773547883,262.01891545064,2036.4013396189985,2019.4743137628966
466,74.83314773547883,925.2971573690284,2231.896473766376,2031.0556467452038
467,74.83314773547883,126.1897385076698,184.90251740063894,135.14840301113256
468,74.83314773547883,110.87670865339506,120.74719992230821,47.81466058927972
469,74.83314773547883,21.86404035168777,23.94924134574796,9.773939867660976
470,74.83314773547883,13.35363734935419,14.489271058207835,5.62310815654048
471,74.83314773547883,1486.5841362326296,5681.726183637275,5483.801603972454
472,74.83314773547883,22.109121031408176,24.191964552261346,9.820280857308218
473,74.83314773547883,38.37505420462549,40.926726809094184,14.225054730941602
474,74.83314773547883,114.08333774023481,188.80876815218969,150.44514941065674
475,74.83314773547883,78.13554241460129,88.0550167841078,40.602007246262474
476,74.83314773547883,155.53076991320634,168.31522074300952,64.34433264844154
477,74.83314773547883,117.3881028981176,137.58313006308973,71.75758479727439
478,74.83314773547883,8.386584041445397,8.987159817379245,3.2302089249597357
479,74.83314773547883,23338.74596517346,402544.45179381664,401867.314678312
480,74.83314773547883,128.09988307244404,193.00713121211345,144.36818436053056
481,74.83314773547883,1758.4343156983277,4875.335281360272,4547.175261967675
482,74.83314773547883,41.37968471624626,45.251619973486704,18.31477007797032
483,74.83314773547883,1842.7985902993692,9324.330475936944,9140.417505785888
484,74.83314773547883,369.7528564412763,886.2182639201045,805.3978125492276
485,74.83314773547883,19.002114430694533,20.412217604546147,7.455083815634416
486,74.83314773547883,176.8091069437142,199.69293603239808,92.82137901909059
487,74.83314773547883,122.7549416328308,137.2174389663408,61.31761460789038
488,74.83314773547883,101.93120700203974,108.19112929104284,36.26774732980358
489,74.83314773547883,9580.959440884977,179465.719851851,179209.7927517779
490,74.83314773547883,599.3835680426379,3001.3837289119597,2940.9256411099436
491,74.83314773547883,149.04976608221338,441.6268150387829,415.71433820850694
492,74.83314773547883,6.283902485374772,6.760702503218032,2.493926200054711
493,74.83314773547883,55.80856792346311,59.444483495695636,20.470719684520958
494,74.83314773547883,25.12284942493865,27.498773855909143,11.181457881255554
495,91.6515138991168,2679.7822253645986,37987.01048390549,37892.37037622437
496,91.6515138991168,10.001331770627699,10.722619828349064,3.8662564318908768
497,91.6515138991168,123.95909764859823,334.26498780723773,310.43070754021437
498,91.6515138991168,2126.7953554006785,4279.937090559761,3714.108643456092
499,91.6515138991168,3530.0309950927763,16350.33795827188,15964.724630365243
500,91.6515138991168,11.710423507181492,12.628921427539991,4.728174881011686
501,91.6515138991168,313.35219773649357,1228.8375173049355,1188.2138040394361
502,91.6515138991168,103.50709564468129,108.03242044459077,30.94002292047686
503,91.6515138991168,1085.6166097756166,1767.3805362282512,1394.6578563998262
504,91.6515138991168,60.84861234306062,63.78854957925881,19.14224211918474
505,91.6515138991168,402.3866541083926,548.2492506476477,372.37376576654816
506,91.6515138991168,319.90893971378654,807.735383531191,741.6837062383676
507,91.6515138991168,5005.254171155501,13695.010764834986,12747.578222198781
508,91.6515138991168,81.28549663644269,86.35485212122583,29.15181849294564
509,91.6515138991168,29.95999721391637,32.83612377149502,13.439106788736485
510,60.0,89.50689984497302,93.4633462374923,26.905612240782357
511,60.0,45.06250950490557,48.23764012838125,17.211628693285018
512,60.0,109.5977112218829,131.78562828412066,73.18328714375424
513,60.0,441.1385038988791,1215.780286553073,1132.9247660585988
514,60.0,2175.779583553704,6211.512533685181,5817.978270835924
515,60.0,117.5991816050643,128.90455681476573,52.79031401147628
516,60.0,103.7768955030329,108.13134853697315,30.376709765492304
517,60.0,60.42341043474622,66.64816169709567,28.12452540108743
518,60.0,109.5008292460422,133.760536011631,76.82089161515859
519,60.0,190.78756853139242,212.7500960402669,94.14195164230466
520,60.0,167.64130875685507,185.2006131056639,78.71250658569193
521,60.0,2737.8118528112086,8085.795762876238,7608.185025191868
522,60.0,106.91293221162123,112.38971108259858,34.65648688403466
523,60.0,650.9155241968944,1398.7945188613437,1238.1175575671396
524,60.0,129.14964558559075,140.22347551389672,54.61677517313421
525,60.0,42.91720331838379,45.97978086257981,16.500118408646873
526,60.0,114.36405244150245,127.54828484455645,56.475025240768076
527,60.0,95.80095175408033,104.35898042210074,41.388095362710054
528,60.0,12.709922321506722,13.95558252273273,5.763346088000304
529,60.0,2659.9385382891005,9753.832342995185,9384.134075543861
530,60.0,51.523633219657974,55.925832702852034,21.748884646196245
531,60.0,130.09470265564525,142.1787536621396,57.35997152944404
532,60.0,88.09580218625156,95.07918273235978,35.765634710071836
533,60.0,214.19560602545488,233.03522716353132,91.79139098274281
534,60.0,7426.505018881638,65436.84114350113,65014.053881021195
535,60.0,117.41547476216999,144.5491909050111,84.30939969936667
536,60.0,59.59116101897635,64.50296786552357,24.688588292391284
537,60.0,624.9088846443431,1762.3696170049245,1647.8578679105328
538,60.0,95.26600058384106,105.64839114699491,45.67243900546617
539,60.0,527.9266368467784,1086.2029053297697,949.278788162088
540,60.0,492.16882588753344,5881.972497314698,5861.345434794897
541,60.0,79.61365490193785,85.85908997371486,32.14730601885037
542,60.0,614.9900289444245,6591.35790056211,6562.605141070235
543,60.0,101.03137503549166,110.4113693814964,44.534612911027665
544,60.0,281.2189944570733,302.742188775359,112.11025832209855
545,60.0,136.63390763604352,149.76016367961608,61.31298320462418
546,60.0,11.867949174263396,12.669001908846536,4.433440172536213
547,60.0,750.8971254099143,885.1679464306563,468.69585067439283
548,60.0,150.22483863403747,166.36039427286804,71.47222285616635
549,60.0,138.74310956640213,153.53438315073154,65.75071374001176
550,69.2820323027551,116.05751594179354,123.55805804461208,42.39394651570034
551,69.2820323027551,3448.4236899520856,9351.884882897877,8692.877827138205
552,69.2820323027551,162.69866238608347,180.13086420316418,77.30636129296214
553,69.2820323027551,41.160469751870636,45.03766940797345,18.28134009057458
554,69.2820323027551,100.44529970150255,109.87823675476668,44.54176332625251
555,69.2820323027551,25.036093569965093,27.222400447759924,10.688924403051603
556,69.2820323027551,108.10817993772912,118.43373617489883,48.364980046487354
557,69.2820323027551,6.967807103517359,7.485854081008394,2.736361725050818
558,69.2820323027551,323.1032152299638,663.7115368543377,579.7562560780234
559,69.2820323027551,9442.104698188254,109566.11346799727,109158.50804839036
560,69.2820323027551,111.12272327768827,129.56036793425648,66.61553355344557
561,69.2820323027551,2212.5099796263917,18862.50713936053,18732.297647979023
562,69.2820323027551,32.7395003338179,35.72316271974847,14.292287171532946
563,69.2820323027551,34.43646254742246,36.40331723264338,11.803878716779538
564,69.2820323027551,15.349094727158706,16.759735502280048,6.730083592578548
565,69.2820323027551,477.5343473253649,581.1860108157111,331.2674543211535
566,69.2820323027551,168.29138277247299,340.10851973197737,295.55340579801447
567,69.2820323027551,104.0766508410245,114.08912586331739,46.73734470390196
568,69.2820323027551,8.58024473456338,9.168295304361255,3.2306406613812704
569,69.2820323027551,123.53249520244734,145.19688548286337,76.30110210856111
570,69.2820323027551,106.1311592786721,115.77331183556758,46.25620783787521
571,69.2820323027551,2298.4064600347624,9936.368529689758,9666.889225716795
572,69.2820323027551,15.386160193220885,16.576087062722276,6.167068738022461
573,69.2820323027551,628.9775719183299,967.6129440378279,735.297234792349
574,69.2820323027551,109.79136020652386,120.264482489647,49.085669726549845
575,69.2820323027551,22.33054789632981,24.2795551039996,9.531181810136305
576,69.2820323027551,555.3178697041891,3771.7078770167977,3730.603486453333
577,69.2820323027551,11.394487337808956,12.402008717642937,4.896476135038626
578,69.2820323027551,7.09777854990918,7.873362387977056,3.4075467640020585
579,69.2820323027551,15.7180358821149,17.42895767360499,7.530731279023488
580,82.46211251235322,101.97729173239271,109.27351195109223,39.259806227896334
581,82.46211251235322,105.01349530476836,109.61632864792442,31.430961011798107
582,82.46211251235322,11511.169637428675,150061.34039814258,149619.17943788343
583,82.46211251235322,8.441952986212142,9.315856661868315,3.9393673506110347
584,82.46211251235322,126.21481220261397,152.0669579648541,84.81851734935948
585,82.46211251235322,105.32412547511815,110.87898173510209,34.65511771029888
586,82.46211251235322,3748.6184020159167,9916.762247732922,9180.960382995265
587,82.46211251235322,93.46998925686212,100.02591973302103,35.61664957233968
588,82.46211251235322,6.895897080865188,7.414960545110241,2.725480386217544
589,82.46211251235322,12.600628753165998,13.364624381347566,4.453912872901326
590,82.46211251235322,270.95716735213693,322.8085279818341,175.4638401446424
591,82.46211251235322,11.946256673487587,12.991797881159613,5.106247514178755
592,82.46211251235322,45.499165159539764,49.31934567798271,19.032178747827988
593,82.46211251235322,18.693708974127635,20.380372573328362,8.11817904571553
594,82.46211251235322,33.42725971059934,35.19836452345891,11.024662052255088
595,82.46211251235322,105.57281874612676,113.89343794308876,42.732834547847126
596,82.46211251235322,12.13083510720208,13.139110342387662,5.0476786933512265
597,82.46211251235322,14.42415067522615,15.592427055297962,5.921795232289018
598,82.46211251235322,19.227935946936334,20.87621320936214,8.130360212392796
599,82.46211251235322,98.15767139518371,107.30665063091493,43.35653140993139
600,97.97958971132712,1530.2247716881823,13429.770191452477,13342.306380207934
601,97.97958971132712,6.940606976253752,7.691552662901259,3.3148087678418476
602,97.97958971132712,121.18136113689377,137.27034218529835,64.48429697747069
603,97.97958971132712,6830.342847237858,97204.07033751834,96963.7958558265
604,97.97958971132712,470.19169450401233,2141.788419837574,2089.5399986049033
605,97.97958971132712,105.12081552336777,114.82879307765096,46.20893705087859
606,97.97958971132712,412.66970732370476,4178.688820785873,4158.2621338268455
607,97.97958971132712,32.54810317986928,35.55249842789982,14.303884921880554
608,97.97958971132712,336.5572108484732,2626.1608271056866,2604.505698525215
609,97.97958971132712,6.704947724940091,7.218441192464661,2.673867845442503
610,74.83314773547883,2943.91919047221,34448.32664315468,34322.303948212015
611,74.83314773547883,181.8571516981633,200.23076540467707,83.78744411171668
612,74.83314773547883,59.60515525897858,63.94911324896383,23.167100636071417
613,74.83314773547883,714.9453069369571,4023.0753793400377,3959.038862645934
614,74.83314773547883,52.21446822379892,56.06614417773818,20.42209174068166
615,74.83314773547883,288.6888865713723,319.92281669274035,137.8743464564677
616,74.83314773547883,45.71726124743414,50.27237787319273,20.910380222725127
617,74.83314773547883,344.0118769137503,3669.0363482532666,3652.873328401348
618,74.83314773547883,12.96865583029742,13.720025299530263,4.4780643335087555
619,74.83314773547883,215.3590155224269,231.07725777076445,83.76869040439519
620,74.83314773547883,8.997019136030978,9.576112941421751,3.279570967787945
621,74.83314773547883,222.9666971490068,249.4028007948817,111.74797092920525
622,74.83314773547883,199.18238476773035,212.10899611759848,72.91504530791448
623,74.83314773547883,64.71295131106622,69.86520321157455,26.33212016542117
624,74.83314773547883,267.0404015471155,284.4886854320844,98.09809417328553
625,74.83314773547883,560.4920920150067,1583.4546529800944,1480.937963870517
626,74.83314773547883,216.4279766653757,297.09419163310633,203.52859656240088
627,74.83314773547883,56.617492087152336,63.22873409302248,28.148399683949823
628,74.83314773547883,122.18419883834594,133.79244393747942,54.510912751440124
629,74.83314773547883,110.59693787476847,117.79268349740165,40.53928487582928
630,82.46211251235322,10.317929095406074,11.125530026809788,4.161460988597515
631,82.46211251235322,11.771305256871639,12.691744604369232,4.745182151623017
632,82.46211251235322,167.17254686115217,186.83205640528544,83.42395864848203
633,82.46211251235322,13.432850571962142,14.47480678561085,5.392453707923905
634,82.46211251235322,304.5218329967423,4101.665066504025,4090.3450674738647
635,82.46211251235322,78.75395762469364,85.01022088742829,32.0086209290139
636,82.46211251235322,22.628098677107236,24.70027146829232,9.903159135671485
637,82.46211251235322,13.86956247604028,14.904456540551232,5.456927843795984
638,82.46211251235322,53.193552139536,57.28644085178133,21.264578910552295
639,82.46211251235322,385.8403338665477,431.7510001488061,193.74251699419347
640,82.46211251235322,552.8167071575851,1499.7993793599587,1394.1993640136127
641,82.46211251235322,10940.698389737136,172048.5186910271,171700.3025696854
642,82.46211251235322,9113.71760657539,300346.5759177777,300208.2707337041
643,82.46211251235322,13.728206575352615,14.794011669116925,5.5135401957737615
644,82.46211251235322,135.2538497210285,148.23495787394654,60.6629942512909
645,93.8083151964686,6413.684645899409,186304.57225477105,186194.14140164605
646,93.8083151964686,98.44206797372438,104.54037549089306,35.1830834469286
647,93.8083151964686,170.82779703761383,189.23793370281098,81.41780709025075
648,93.8083151964686,31.818355473710735,33.772696481964964,11.321982273944357
649,93.8083151964686,43.48363838538344,46.145809485300894,15.44697141263924
650,93.8083151964686,23.139061895951436,25.374864203227286,10.414775461216342
651,93.8083151964686,17.734915614933875,18.935940488708848,6.636460677431729
652,93.8083151964686,3735.361442541171,25414.7087060717,25138.70508813159
653,93.8083151964686,38.81374092644465,42.16420680356418,16.471607409981655
654,93.8083151964686,273.8879223673084,572.5802557755244,502.82557143137035
655,107.70329614269008,49.94718075780057,54.4898654836757,21.78128955724774
656,107.70329614269008,2411.8523644727115,45131.31389222741,45066.8221845156
657,107.70329614269008,113.68950321621773,218.81790320737812,186.96516152086497
658,107.70329614269008,394.92062089695565,1431.3050944939803,1375.7441537999662
659,107.70329614269008,54.86136133852531,58.83193934282741,21.24683785700554
660,66.332495807108,458.17402654320233,555.5979823207922,314.27007391752124
661,66.332495807108,119.59781380067712,127.86913565077298,45.24244452032127
662,66.332495807108,2545.8604291027086,22060.352084985698,21912.958010936403
663,66.332495807108,1621.776439352962,5018.6531981852195,4749.391656245499
664,66.332495807108,129.91577653926097,139.6063157905482,51.10591369705732
665,66.332495807108,162.1339378053547,195.23533456823517,108.76314667983863
666,66.332495807108,9.751158137247918,10.715259930745443,4.442038987427122
667,66.332495807108,35.910058648283695,37.86706693407529,12.015924686288736
668,66.332495807108,3354.5934834567447,14482.661295215203,14088.796284731852
669,66.332495807108,137.1826275303474,145.9115715714937,49.71029493307297
670,66.332495807108,309.30791092224604,601.1876147405411,515.5144657120081
671,66.332495807108,105.10478531535666,111.04765024976491,35.84082490410761
672,66.332495807108,155.18293869769388,168.08449951836582,64.58060479344634
673,66.332495807108,57.68123357661057,63.37352113041906,26.25030425629697
674,66.332495807108,7.619294209331706,8.17311634368981,2.957395225385641
675,66.332495807108,13.151446129228946,14.157423154568052,5.241382936543427
676,66.332495807108,29.38839931970954,30.976804606702203,9.792058469346628
677,66.332495807108,1971.2079114094533,7831.953935370181,7579.831252459203
678,66.332495807108,102.72786269619911,116.00089923646257,53.881303339273515
679,66.332495807108,108.24534385268,115.05002581472674,38.98017411690669
680,66.332495807108,82.36479854997971,89.7019817835293,35.5314719046915
681,66.332495807108,131.21765841024686,253.731209598777,217.16687787457437
682,66.332495807108,115.3630744268388,125.12396422915188,48.449638628226424
683,66.332495807108,2191.117098212477,10319.349162252314,10084.04546768798
684,66.332495807108,444246.77251185995,13487097.419157228,13479778.989247203
685,66.332495807108,1856.5527133899059,9253.182036757235,9065.020122855292
686,66.332495807108,61.45621014808145,66.43773494465634,25.240975789601706
687,66.332495807108,1359.563231073995,3939.9567948755907,3697.9517798638176
688,66.332495807108,107.46791385386238,120.61940430994886,54.76940923531786
689,66.332495807108,137.8060510027805,853.0650842725169,841.8607547046576
690,66.332495807108,1276.4055765905393,5186.080049133123,5026.551012380675
691,66.332495807108,1411.1281245349364,4736.710939869595,4521.631115430228
692,66.332495807108,3445.9793367387115,7729.954454334507,6919.351290175671
693,66.332495807108,749.8483683311667,1851.6661112761942,1693.0430627009432
694,66.332495807108,958.3351123323916,3257.9614301270763,3113.8250581345333
695,66.332495807108,3281.662108222274,23297.272872299916,23064.98682188784
696,66.332495807108,759.1289579703653,1352.4651591945199,1119.3235600155504
697,66.332495807108,64.73350460652846,69.89633984764818,26.364212589313002
698,66.332495807108,173.99395426688133,1531.2107011549774,1521.2929748112597
699,66.332495807108,171.0281635774377,223.00592773602006,143.1118830451623
700,66.332495807108,479.81014084685467,575.2248327044607,317.27879995423
701,66.332495807108,322.6830904684027,713.8480539291811,636.7532231753835
702,66.332495807108,2656.099017746598,44146.64739136934,44066.67237159873
703,66.332495807108,1271.6441718476938,7643.056142544783,7536.526275300665
704,66.332495807108,317.35601773960923,656.5728854592091,574.7809251573061
705,66.332495807108,126.8188425184008,137.99168274815753,54.393801944350386
706,66.332495807108,103.49162056180042,108.61477992740693,32.96444891350933
707,66.332495807108,92.61433866397014,99.63452176814499,36.73720459972972
708,74.83314773547883,108.43286172238113,118.03159972972016,46.62373894757744
709,74.83314773547883,97.94731339472959,103.33371856966927,32.92690681175864
710,74.83314773547883,1849.493633646374,5099.965210086961,4752.790595344894
711,74.83314773547883,128.2636488401316,141.64875540576045,60.10662437881843
712,74.83314773547883,102.4071402284045,108.31511015129463,35.283717453338
713,74.83314773547883,45.51991021501027,49.84683529349589,20.31365951261152
714,74.83314773547883,3701.186092879225,14464.465067280584,13982.917120131182
715,74.83314773547883,122.62859996698081,138.00257322263775,63.300368768338906
716,74.83314773547883,106.25782687298663,111.8325352318125,34.86818269719522
717,74.83314773547883,1640.9957110602995,4395.451619677329,4077.637553437745
718,74.83314773547883,225.34497040789765,644.8466822530889,604.1911021561639
719,74.83314773547883,141.88258276624995,225.85574080093417,175.72748322421566
720,74.83314773547883,143.76088111384374,193.93931623442896,130.17398911783079
721,74.83314773547883,1034.0510783621728,2817.3876460565475,2620.765444577229
722,74.83314773547883,16.242590617611672,18.33854052056647,8.513537364288222
723,74.83314773547883,2400.3663098394363,7262.627591547639,6854.487662261627
724,74.83314773547883,1655.2830489885123,4984.148882512818,4701.252823533857
725,74.83314773547883,101.32841623610767,131.27344679220016,83.45819250251418
726,74.83314773547883,227.36780781208688,434.61063620727424,370.39206940108426
727,74.83314773547883,42.671008368033704,46.677349653839855,18.919831277313794
728,74.83314773547883,1701.9837247575304,7757.890034040743,7568.8908818220625
729,74.83314773547883,105.13733326729093,109.77042303326115,31.554507227077888
730,74.83314773547883,1000.4932828440423,2450.750673030987,2237.2286544619856
731,74.83314773547883,144.89942594788346,227.1835056506425,174.97571717152456
732,74.83314773547883,911.6418190612974,15703.36946509545,15676.884950494179
733,74.83314773547883,194.28718383854573,230.23724217367044,123.53816365732698
734,74.83314773547883,199.4868428228962,438.5400280324315,390.54110632203486
735,74.83314773547883,90.7905846706423,96.27639994283255,32.0345894482071
736,74.83314773547883,293.2340938549001,353.7840122399447,197.9315374509301
737,74.83314773547883,259.8397270344566,328.1879137978977,200.4759911253101
738,74.83314773547883,105.22213642931945,110.80488588872409,34.72786693799162
739,74.83314773547883,425.3537672181602,504.96926579238624,272.15461066868005
740,74.83314773547883,108.96751556398391,114.59328317446399,35.46408183663884
741,74.83314773547883,13.21645365001648,14.177388993141538,5.130663853714921
742,74.83314773547883,107.03815771625976,146.9321163115396,100.65723817240814
743,74.83314773547883,127.5838696104205,156.2224205529453,90.15431713818549
744,87.17797887081348,107.4525801308367,113.36116262429941,36.12057882646646
745,87.17797887081348,103.65803535749238,138.9242293832594,92.49299008874856
746,87.17797887081348,87.98729781455155,95.92392237413462,38.20516073690062
747,87.17797887081348,100.40511540214715,106.14395011738165,34.42892603034135
748,87.17797887081348,96.03964479296538,101.14158169469246,31.717600409633572
749,87.17797887081348,125.01492564962487,133.5475558988013,46.97039547802661
750,87.17797887081348,80.92695097174472,85.54226711219975,27.718370607085767
751,87.17797887081348,188.03112780856083,303.17519548145464,237.82240039630182
752,87.17797887081348,1523.2776478942292,3477.8672986946185,3126.5294105053977
753,87.17797887081348,74.40563113414318,80.83152716570652,31.583822432855957
754,87.17797887081348,18314.03581076903,355032.96783867123,354560.29719168623
755,87.17797887081348,5.80294461274965,6.3732201728997016,2.63510326052235
756,87.17797887081348,1367.541426204235,4091.2438351664164,3855.918381709148
757,87.17797887081348,91.70863539554892,96.79022272095047,30.949530016746113
758,87.17797887081348,4214.728193297381,47737.43700356741,47551.014268112005
759,87.17797887081348,78.42797394926161,83.07683062767006,27.400961467666033
760,87.17797887081348,576.7413925150695,4476.592726040619,4439.285055163677
761,87.17797887081348,203.84338339233568,704.4532067779899,674.3160947114926
762,87.17797887081348,134.08062970338852,145.20024680589384,55.726980995163316
763,87.17797887081348,421.2635976222193,814.4405974946466,697.0297469734143
764,87.17797887081348,104.6030264310188,109.21505628801368,31.40279257431705
765,87.17797887081348,256.4549646964309,311.2936691301827,176.44999156442043
766,87.17797887081348,16.581091248194735,17.87208276172024,6.669239481441475
767,87.17797887081348,125.09356302991843,134.11177081408607,48.34839769185504
768,101.9803902718557,110.47696860995991,118.49697385029695,42.85291376828279
769,101.9803902718557,120.28582231702883,127.21469059894574,41.41133243088974
770,101.9803902718557,63.8626097603013,68.66135285705303,25.218018375047112
771,101.9803902718557,145.58999893466253,170.18126331877735,88.12045503162129
772,101.9803902718557,112.4945865001091,122.96179226608935,49.64443942133286
773,101.9803902718557,4564.116657391536,16552.642143652993,15910.964806496124
774,101.9803902718557,11.055563616622669,12.197846737281397,5.153831404403473
775,101.9803902718557,408.2139446351577,495.89179131498435,281.54936352083706
776,101.9803902718557,1043.6687835826415,2686.4479274537616,2475.4308588800745
777,101.9803902718557,272.8342793572739,662.0262483009689,603.1916854923095
778,101.9803902718557,291.6184479801266,359.2801239991273,209.85921065917137
779,101.9803902718557,105.59612975331231,110.77740082936347,33.482680831007094
780,74.83314773547883,107.82028422576292,114.5754909593738,38.759894711637806
781,74.83314773547883,111.9032790255858,118.64582244079756,39.42698727997291
782,74.83314773547883,169.68374309707727,185.17483901761005,74.14275644837375
783,74.83314773547883,136.57634409967977,149.97726514188193,61.968397524901484
784,74.83314773547883,97.92009655136243,102.63973977939663,30.76639194566229
785,74.83314773547883,122.26131370611861,129.9669399346317,44.086014186204444
786,74.83314773547883,198.20079655373274,231.39105311399135,119.40797170485645
787,74.83314773547883,10670.662121089938,157928.3637098443,157567.46185036557
788,74.83314773547883,105.19487433256145,110.93548173934002,35.223848780280214
789,74.83314773547883,227.0889761176813,249.34108574249672,102.96394497624028
790,74.83314773547883,7.578403834930799,8.074482572303477,2.786586464680175
791,74.83314773547883,185773.9012027916,4426862.542107922,4422962.810645157
792,74.83314773547883,2359.071892996144,69658.44995041081,69618.49200677621
793,74.83314773547883,100.89444754292757,105.51255913178946,30.874108724735787
794,74.83314773547883,104.970073539733,111.02004184937796,36.14876696791584
795,74.83314773547883,1068.0948846511378,2613.9887023082033,2385.8143794471935
796,74.83314773547883,2099.5342369014197,6852.735122265607,6523.18439445118
797,74.83314773547883,157.7814670379889,173.67667006722905,72.58508376368498
798,74.83314773547883,877.3683656971384,2280.060100931858,2104.4949072723666
799,74.83314773547883,864072.7292277283,27375940.49174744,27362300.636574805
800,74.83314773547883,110.64200698652778,116.64217934792912,36.9289086357504
801,74.83314773547883,2157.977990564774,9549.639443020636,9302.620302040361
802,74.83314773547883,569.0613371973036,4415.482493026372,4378.659023117648
803,74.83314773547883,57.96784108727338,63.40515123535682,25.689348042702257
804,74.83314773547883,998.9358358612923,3526.9727653463756,3382.552894387191
805,74.83314773547883,15.280707968376888,16.69250277445253,6.718602001926338
806,74.83314773547883,17.432865055559894,18.529552937683363,6.280091402603056
807,74.83314773547883,434.5253578724761,901.9522177672803,790.3831453802088
808,74.83314773547883,1358.4635432581617,4864.720099124077,4671.19668227107
809,74.83314773547883,728.6407019222731,1993.698770039257,1855.7794893678135
810,74.83314773547883,50.542032462603466,53.87691813092948,18.660794780394944
811,74.83314773547883,519.5141876068161,1492.3971557106997,1399.054780646068
812,82.46211251235322,113.44954345981557,125.52543379083465,53.719974098436005
813,82.46211251235322,2188.232967448656,10917.100496895362,10695.546724664606
814,82.46211251235322,206.19754613715997,378.4596707417395,317.3551549052885
815,82.46211251235322,9.140861844164831,10.083259592605634,4.256379771327389
816,82.46211251235322,215.92893634584996,239.5777423081663,103.78915674591453
817,82.46211251235322,1322.6573762434123,3463.2481190450562,3200.7288231179496
818,82.46211251235322,105.20733897767171,110.0626527840038,32.3296050561936
819,82.46211251235322,137.8615266304305,217.61337031157163,168.37392438702705
820,82.46211251235322,15.866776505744136,17.076451863534757,6.312734079967696
821,82.46211251235322,20.62747886467474,22.51436105114297,9.022392655422436
822,82.46211251235322,85.19032227281237,93.45541335898413,38.425555001235296
823,82.46211251235322,67.29750300659687,72.70001465825055,27.50160396025896
824,82.46211251235322,18.09951830765624,19.714909571806924,7.815695519615705
825,82.46211251235322,854.3911097013618,2014.3082440635428,1824.1308981993668
826,82.46211251235322,337.0483463662329,390.9008396489536,197.99464298319995
827,82.46211251235322,15069.648423165421,226189.47502473704,225686.9165644485
828,82.46211251235322,4959.284834663992,53489.10061659196,53258.70237529797
829,82.46211251235322,680.2537505125438,1761.9670135007962,1625.3561429971382
830,82.46211251235322,104.6932631721343,109.2791705515173,31.325034122851875
831,82.46211251235322,130.09025592699646,370.5732293940202,346.9885353385061
832,82.46211251235322,459.9034385233666,686.3846348813779,509.5220252703768
833,82.46211251235322,215.03754341084797,235.70330447481436,96.51374339530463
834,82.46211251235322,545.7058743726077,668.8339824890578,386.70918634989914
835,82.46211251235322,1984.1879065425271,6865.805414587133,6572.844311445721
836,93.8083151964686,8.24462589215703,8.875916437904662,3.2875578338700113
837,93.8083151964686,159.0904772728335,703.119197186877,684.8845344244683
838,93.8083151964686,206.77822744852105,232.63482632591172,106.59140243441209
839,93.8083151964686,118.5300084240131,125.31556107099526,40.677105963203935
840,93.8083151964686,102.46661525894902,109.80625596248575,39.471592390901236
841,93.8083151964686,46.484789179358074,49.54892973788519,17.154031978532565
842,93.8083151964686,1154.6739646558754,3669.7543908007815,3483.3640814803575
843,93.8083151964686,85.79476398356131,93.3752669495896,36.85375083912264
844,93.8083151964686,13.90667141747996,15.020324132932208,5.675793085075563
845,93.8083151964686,463.78706708563396,921.0385886872373,795.747220073739
846,93.8083151964686,5.522143013213349,6.077023121844979,2.5369561614378537
847,93.8083151964686,522.7648097691683,644.4012195797279,376.7889136676474
848,93.8083151964686,43.18320493514781,46.27505740583856,16.63104775540855
849,93.8083151964686,416.4059332608447,1694.2237594685862,1642.2546227345608
850,93.8083151964686,15.871813524481135,17.174003213879935,6.559872089793833
851,93.8083151964686,1390.843273979757,4523.882617818112,4304.7728078287855
852,107.70329614269008,284.01728975949237,362.9547450705345,225.98744674625019
853,107.70329614269008,1827.3111157834328,3578.098023584006,3076.315905837708
854,107.70329614269008,122.58301386935798,146.24432375258738,79.75466720234235
855,107.70329614269008,1338.7373610959814,3047.060159853109,2737.2171809649703
856,107.70329614269008,93.75669436580165,99.76030776081444,34.085205971653906
857,107.70329614269008,1388.4268542065884,4141.731346978181,3902.077577529654
858,107.70329614269008,352.366088803565,592.8909139351712,476.82048539063493
859,107.70329614269008,143.98879729961487,189.20385318715782,122.74088281040669
860,87.17797887081348,320.7299160730222,683.1240290080214,603.1506942248714
861,87.17797887081348,51.41091277947742,55.69020757499516,21.408345730742813
862,87.17797887081348,196.7617607440809,208.99857966492291,70.46428748553548
863,87.17797887081348,2008.9370818061038,6223.088133619511,5889.9064271124325
864,87.17797887081348,228.6774429409259,254.98373010802518,112.79773805268353
865,87.17797887081348,138.42635142149766,415.0634864701835,391.3001955441834
866,87.17797887081348,104.1967788973198,109.56660969587807,33.880277857065096
867,87.17797887081348,1330.2516781389663,1940.9631031992444,1413.4242960941715
868,87.17797887081348,3932.788858442776,41523.98778240699,41337.328568116165
869,87.17797887081348,41.08990777498556,45.028525982829414,18.41704729943225
870,87.17797887081348,179.20730317698514,193.5988305298641,73.24786461435689
871,87.17797887081348,5401.584756755724,96491.67715504243,96340.36870548359
872,87.17797887081348,95.5815122707466,104.1113776240113,41.27170293078055
873,87.17797887081348,96.76738791373118,102.29542098483478,33.172666320602694
874,87.17797887081348,16.308641896161614,17.798912630891323,7.1294803699052824
875,87.17797887081348,282.4422597718068,412.01093670654734,299.96563446635304
876,93.8083151964686,90.05964925675754,98.23080220038777,39.22435565667741
877,93.8083151964686,199.59369186776854,232.19921776537817,118.6542662420858
878,93.8083151964686,50.15545759101498,53.57328520421839,18.828886356033436
879,93.8083151964686,620.2903195843296,1055.9463313248425,854.5540205676668
880,93.8083151964686,115.8104116428717,122.10733008530372,38.70592481352075
881,93.8083151964686,82.05125898510764,89.11453386620221,34.77054853103833
882,93.8083151964686,1679.1370104961766,5051.246900255602,4763.989310160528
883,93.8083151964686,7795.84851804908,157379.19706908907,157185.9930655235
884,93.8083151964686,80.3759185368644,86.74643485087566,32.629061872701065
885,93.8083151964686,58.24812481876175,62.86863275530791,23.65630866428076
886,93.8083151964686,127.02436733878386,137.29903906492558,52.11368563375322
887,93.8083151964686,142.42087286810604,158.82416633691525,70.29516899547866
888,103.92304845413264,359.22030664840753,441.47342650800994,256.6311703674113
889,103.92304845413264,20.005762512435417,21.93140769319411,8.986440324240052
890,103.92304845413264,2427.7376546609266,8492.863888752516,8138.478169351932
891,103.92304845413264,218.50635529306854,471.58434702175975,417.90760827302347
892,103.92304845413264,25.346647044191513,27.679995151219618,11.123381463777964
893,103.92304845413264,56.578469331968364,61.62763437181514,24.430352562287077
894,103.92304845413264,111.11225188618704,120.02006427611893,45.37491938972722
895,103.92304845413264,15719.563318497123,291685.33572730323,291261.44682643015
896,116.61903789690601,110.40708325884692,123.61562373465175,55.597647410488875
897,116.61903789690601,67.58910819959941,72.97595232820996,27.517304936930433
898,116.61903789690601,164.79904754774236,548.2445145735314,522.8893971838825
899,116.61903789690601,401.87580435300333,711.7589618589989,587.4492809274911
900,84.8528137423857,83.83668584829338,90.46345428579136,33.98597750973225
901,84.8528137423857,261.5693225332875,287.18556913293236,118.56239128696446
902,84.8528137423857,171.59718069675435,262.21695936094665,198.27289616441723
903,84.8528137423857,68.20620981259148,72.01825573740666,23.12016657507592
904,84.8528137423857,1866.9984411333633,6064.401257795315,5769.859568165848
905,84.8528137423857,178.18931572683098,193.7356215261797,76.03985013753578
906,84.8528137423857,100.65760247678736,106.408813446112,34.50916751581409
907,84.8528137423857,123.51318722688525,168.15277462230037,114.10454940200472
908,84.8528137423857,155.80178400395874,171.90949176088333,72.65450749037525
909,84.8528137423857,82.09530826069842,87.00486935980177,28.81332424238954
910,84.8528137423857,335.8466091873401,400.87151467236276,218.87216902356585
911,84.8528137423857,24.62791508929618,27.108522230281928,11.328626389112973
912,84.8528137423857,62.44585229979878,66.06874515912017,21.57764161006669
913,84.8528137423857,1534.7436602670323,5092.997309485532,4856.252000431714
914,84.8528137423857,1531.7853488870478,7561.272107158167,7404.489821954183
915,84.8528137423857,80.72260869207106,88.47425464553079,36.215385971006846
916,84.8528137423857,113.76786368924317,120.38157287283609,39.35220805652115
917,84.8528137423857,235.5743665595517,627.4088103072421,581.5036827666828
918,84.8528137423857,72.47985156307587,78.21760913232458,29.40519504733124
919,84.8528137423857,786.7753152463229,1751.1386224415971,1564.4395412817025
920,84.8528137423857,144.79506843613854,159.1212730024747,65.98460182877548
921,84.8528137423857,659.3421312334212,5409.540832805537,5369.208505522111
922,84.8528137423857,421.1574589270476,559.0554199465525,367.653855360893
923,84.8528137423857,98.5743948706706,104.41022175673318,34.41777278051717
924,84.8528137423857,1809.35044590173,5098.546882602111,4766.700250488478
925,84.8528137423857,4913.623758572491,57566.173830438616,57356.08660844521
926,84.8528137423857,14679.35808532338,246438.2129999129,246000.62860243532
927,84.8528137423857,845.8952501414083,4555.578019362286,4476.35480232354
928,84.8528137423857,3601.711632944495,70064.18452101326,69971.54868878999
929,84.8528137423857,91.40833554609243,99.26896644506147,38.714905291937775
930,84.8528137423857,643.3310070420248,1547.8004349247465,1407.7682343807624
931,84.8528137423857,395.9666195574972,1406.7465130877963,1349.8689522619895
932,84.8528137423857,1468.4606610170758,2905.4487482090694,2507.0412273265356
933,84.8528137423857,17.24303845516492,19.527843089032913,9.165930424326506
934,84.8528137423857,101.4765995105331,110.52486193462242,43.79777228862468
935,84.8528137423857,60.96528540993307,68.27564209388444,30.737554850989824
936,91.6515138991168,112.78675107065446,119.67818067763159,40.025188484678665
937,91.6515138991168,117.54660469954014,129.55430139844324,54.47121014305373
938,91.6515138991168,68.14356341291278,72.7221849870282,25.39627836274212
939,91.6515138991168,103.97621327652699,111.9028400088202,41.36656469558214
940,91.6515138991168,110.96094835376964,118.1142381042714,40.48013319376037
941,91.6515138991168,95.36027073819821,101.59083475909898,35.030222262898825
942,91.6515138991168,127.6282013141163,142.544759967856,63.48268128881363
943,91.6515138991168,191.4006688027522,280.2424708073621,204.69886767169564
944,91.6515138991168,111.53157987502328,117.50135986014607,36.97669887327482
945,91.6515138991168,73.36929296514052,77.81515204403506,25.92575432714881
946,91.6515138991168,14.632221061187497,15.702290507206182,5.697370796186459
947,91.6515138991168,242.33601977726906,413.5944623855998,335.1620993408181
948,91.6515138991168,104.56089263271204,109.12562360603896,31.231738012114413
949,91.6515138991168,103.5778685890206,108.11973685170221,31.008105963391454
950,91.6515138991168,843.3977514220571,2066.8958229032514,1886.9919384118014
951,91.6515138991168,1232.117575858155,4509.339232343708,4337.744412896588
952,91.6515138991168,97.4528917102986,105.19281869656604,39.60382560598694
953,91.6515138991168,98.4566292389182,104.20601288855153,34.134810399929925
954,91.6515138991168,2293.0726904860903,11360.009184014694,11126.168536250252
955,91.6515138991168,149.70955393206188,223.04313569017094,165.3338738431029
956,91.6515138991168,102.54725712618338,110.67702466482604,41.63488734889214
957,91.6515138991168,44.99516579417065,47.934221625627956,16.526483534312824
958,91.6515138991168,123.52939354084913,190.64248049326412,145.20690169566527
959,91.6515138991168,541.6201047396562,4208.69239212053,4173.696121381507
960,91.6515138991168,640.6096035528312,810.8039619651602,497.01348128022175
961,91.6515138991168,74.06367471344129,79.85897415132108,29.86683512598758
962,91.6515138991168,145.58686683467178,160.4840435365661,67.52475423953788
963,101.9803902718557,172.57741139923297,196.72222938094228,94.42813461753849
964,101.9803902718557,124.95558936287593,132.42901621651106,43.85823780145844
965,101.9803902718557,153.08527722605044,165.73936011926236,63.5171897155866
966,101.9803902718557,108.48651921465674,151.49450631423005,105.74147999758753
967,101.9803902718557,58.51200863483195,61.775152781214736,19.811974829879436
968,101.9803902718557,58.81165591558504,63.03055859473414,22.672460061295595
969,101.9803902718557,9597.155717253177,65782.53978415139,65078.699607415736
970,101.9803902718557,383.4301134923603,1477.5107516878181,1426.8915058336906
971,101.9803902718557,53.25776584326286,56.52755135503705,18.946620795818284
972,101.9803902718557,141.03918160482695,150.2967303394845,51.933191727260215
973,101.9803902718557,48.358455701979615,51.850387412810434,18.70621386005747
974,101.9803902718557,100.88287571925935,109.69490912740837,43.07689026708933
975,101.9803902718557,104.05077221674445,108.6426051288163,31.251439171261563
976,101.9803902718557,106.88335663949226,115.83976276172966,44.663169504289705
977,101.9803902718557,18.529267921897656,20.045819827686966,7.648602672555446
978,101.9803902718557,87.53840010257409,92.65344250041912,30.359329944188964
979,101.9803902718557,164.2846930454956,275.64492281566646,221.3383453109786
980,101.9803902718557,1010.5999758411723,1725.1628163208595,1398.1682415381708
981,114.89125293076057,203.59778686465714,244.83721092534145,135.98970930740964
982,114.89125293076057,222.09287715872722,251.26910613413955,117.51986050369518
983,114.89125293076057,116.39486139623807,131.7040508062726,61.629483523162435
984,114.89125293076057,106.84775187767796,111.80271481545634,32.91511748106676
985,114.89125293076057,17.55898873915001,19.336439997863184,8.098137208603365
986,114.89125293076057,40.20417035637443,42.69134233974563,14.358809028780264
987,114.89125293076057,232.77553355824847,531.834862616165,478.18811368605543
988,114.89125293076057,59.537929618536054,63.174904912329666,21.125897553006897
989,114.89125293076057,102.72851304074301,107.20636524621406,30.660354820884738
990,91.6515138991168,12257.29361703685,52282.53507772502,50825.40926878302
991,91.6515138991168,134.54843574143015,193.59275395970107,139.19365224476147
992,91.6515138991168,2018.7309530207397,12002.504470791473,11831.518875896083
993,91.6515138991168,472.50794380171885,1289.7108352743296,1200.0376167721913
994,91.6515138991168,96.58836248976817,103.69685507576034,37.732293650775986
995,91.6515138991168,65.79246719507242,69.44358212271213,22.220764127706797
996,91.6515138991168,505.8882540322016,1017.0694117983364,882.3305859189427
997,91.6515138991168,190.95777352802742,206.04809789108634,77.40121041529832
998,91.6515138991168,105.03921534631556,109.74283904580763,31.78449246510604
999,91.6515138991168,103.55856469912268,120.01454586536734,60.65570786602018
1000,91.6515138991168,115.99554167861733,124.81587279693012,46.087269530138066
1001,91.6515138991168,78.42236454771714,84.36989876458912,31.116114093697078
1002,91.6515138991168,2253.5537890379933,19647.46013980808,19517.791505835386
1003,91.6515138991168,120.9694821642719,136.4072599366543,63.03431564103695
1004,91.6515138991168,106.08933050427005,111.19471924407009,33.306448938956635
1005,91.6515138991168,1374.0717562202103,5160.971016879057,4974.690809067791
1006,91.6515138991168,1566.825577341636,6111.180109158797,5906.909508090181
1007,91.6515138991168,741.9654343721248,2019.7556190163116,1878.536679105561
1008,91.6515138991168,653.144598357281,829.2379244931302,510.9184563649862
1009,91.6515138991168,21.200710451990865,23.07006008058767,9.097117590356303
1010,91.6515138991168,31.075741652237234,34.566102795285154,15.136503665563868
1011,91.6515138991168,129.7469445860911,140.66037703903459,54.32377048159645
1012,91.6515138991168,41.80287419250257,44.475921267297814,15.186417675695491
1013,91.6515138991168,10.495560069429292,11.396792063839586,4.441856388425716
1014,97.97958971132712,5309.430386256557,14730.842915594656,13740.73076577155
1015,97.97958971132712,319.6792121298102,373.0462710953906,192.27251938391905
1016,97.97958971132712,109.55208438695365,122.01938408125483,53.731470276203765
1017,97.97958971132712,100.62194857436069,106.09955895144861,33.65025816826124
1018,97.97958971132712,123.57305978052736,147.70135440282723,80.90357834427213
1019,97.97958971132712,738.9124014185834,1776.7205070682926,1615.7797570420398
1020,97.97958971132712,154.94422660525493,170.05957398495823,70.08955232875223
1021,97.97958971132712,159.7997085693255,174.1014937480016,69.10414796844012
1022,97.97958971132712,19.47644128426799,20.841624059835222,7.4189977997007
1023,97.97958971132712,7089.676042165453,49295.26961818555,48782.78487690871
1024,97.97958971132712,639.8073216886085,2865.5301237663166,2793.1898398293397
1025,97.97958971132712,62.02083331139824,66.5305145094224,24.077491485788553
1026,97.97958971132712,118.26906374062828,124.20899826686046,37.95133479038841
1027,97.97958971132712,190.87266789366794,212.89082624031107,94.28747821654723
1028,97.97958971132712,120.17454813290644,130.12043318340116,49.89393863875375
1029,97.97958971132712,85.6046124199087,93.34109193781738,37.20765749924724
1030,97.97958971132712,382.71871455278904,438.7894791378172,214.62197588573665
1031,97.97958971132712,53.696597658303084,57.43241354842399,20.375414742270017
1032,107.70329614269008,109.08664623975801,114.36894316189748,34.356349808022735
1033,107.70329614269008,103.24093377605179,109.38424016378625,36.14168769243847
1034,107.70329614269008,117.30491867934165,124.05439727148055,40.36148580049249
1035,107.70329614269008,116.57487021202179,164.84345687372294,116.5489807296882
1036,107.70329614269008,193.72565446208876,213.49171600515254,89.71668521551668
1037,107.70329614269008,25.320671187963228,27.782806023276436,11.434505722507387
1038,107.70329614269008,7533.386796682884,122252.7795063769,122020.4498451238
1039,107.70329614269008,98.29080850749665,102.8437094882827,30.261287881597386
1040,107.70329614269008,740.3228120196285,1724.1390661126386,1557.1055369817138
1041,107.70329614269008,68.92847187323548,75.0401238420834,29.66287159827587
1042,107.70329614269008,60.66336432279637,65.11037264695493,23.649880660692826
1043,107.70329614269008,14.48236482471525,15.61556041326624,5.840105829881695
1044,120.0,13.612182031808356,14.98749073231297,6.271632864261187
1045,120.0,123.91613025496957,131.585735110755,44.267350804754436
1046,120.0,51.36803447469611,54.924187801434634,19.442001950768685
1047,120.0,731.97930116553,928.7520803087666,571.6526299625357
1048,120.0,192.2954299071116,258.55776638753133,172.84266312501774
1049,120.0,103.56669718001271,108.04077975942262,30.769291936078243
1050,101.9803902718557,11.109008733676978,11.869409493665565,4.180048646057469
1051,101.9803902718557,726.2453764836656,1379.305955985731,1172.626357094966
1052,101.9803902718557,233.78419498220478,256.81403039671983,106.29391508985731
1053,101.9803902718557,207.15025091338478,233.4195101294123,107.57992961317895
1054,101.9803902718557,77.25077059428683,86.94131051266088,39.88871916028118
1055,101.9803902718557,106.07314787662429,111.71017170623422,35.037833297453346
1056,101.9803902718557,131.06922503416394,199.68551575672763,150.64914022978695
1057,101.9803902718557,36.017673981747194,38.34880989261121,13.166562995869743
1058,101.9803902718557,478.5901740309061,615.5863581181255,387.1666432199501
1059,101.9803902718557,59.60030560108114,65.35643336885775,26.81915276356953
1060,101.9803902718557,114.6175888906636,125.41645346622026,50.91262237339009
1061,101.9803902718557,132.79910374396076,145.56479472892528,59.61130353611559
1062,107.70329614269008,21.637929132142194,23.624419847106203,9.482259012742565
1063,107.70329614269008,54.44769385297285,58.24913641387473,20.698080274632478
1064,107.70329614269008,76.47717994140511,82.63301660896009,31.29626786226462
1065,107.70329614269008,24.186623546478774,26.3172860939028,10.373369210109523
1066,107.70329614269008,12.650614264759234,13.902678582991962,5.765971774666741
1067,107.70329614269008,143.2983636445901,174.93350476108745,100.33598589130537
1068,107.70329614269008,791.9490853539507,1854.5753846558418,1676.9813664970773
1069,107.70329614269008,81.37265082177785,88.44248631222123,34.64917146663761
1070,107.70329614269008,422.6695603973575,496.5853509274626,260.66732336304807
1071,116.61903789690601,102.55402891827087,112.25110153071903,45.6396861020127
1072,116.61903789690601,257.0082202588863,290.3497764698639,135.0917000243158
1073,116.61903789690601,150.33716411145014,163.07955605654567,63.19555910447294
1074,116.61903789690601,12.531269152350559,13.770706862294487,5.709611275611663
1075,116.61903789690601,100.14179591440111,109.53910225983184,44.389589262892855
1076,116.61903789690601,25292.578336124632,741788.9601380856,741357.6376242803
1077,128.06248474865697,58.10247785573675,63.29543271005966,25.10804390981723
1078,128.06248474865697,100.59033404125259,106.39245396696398,34.65456620103291
1079,128.06248474865697,223.7022991997928,421.3624043723032,357.07640240029133
1080,103.92304845413264,124.46619157620185,132.54669986903258,45.57186413443742
1081,103.92304845413264,106.68663592171498,111.77377424678171,33.33674136861551
1082,103.92304845413264,20.013322302955387,22.003255871968218,9.143861294077698
1083,103.92304845413264,1119.3361961080027,3365.6272375349045,3174.0405136228646
1084,103.92304845413264,98.54381938922937,102.39369056623788,27.813369590134457
1085,103.92304845413264,112.61549989870538,121.27341851329939,44.9999024495227
1086,103.92304845413264,29.59338883509473,32.25053982923258,12.819073934251568
1087,103.92304845413264,1172.3049682769777,2680.1790029997005,2410.199275884379
1088,103.92304845413264,103.91522892476222,113.82331911592613,46.447531388441035
1089,103.92304845413264,234.2611330326115,277.26890603650315,148.3231870105153
1090,103.92304845413264,98.66799893557089,107.37387489404912,42.352980955454555
1091,103.92304845413264,90.87668841731094,97.38583856113303,35.00612881422402
1092,103.92304845413264,855.8213229842474,2953.623517149391,2826.9173571548613
1093,103.92304845413264,227.79653987919863,244.17077198938233,87.9096258265022
1094,103.92304845413264,990.6330620343479,4479.206478371826,4368.287629299676
1095,103.92304845413264,232.04198093448443,844.316493799456,811.8046937446267
1096,103.92304845413264,2165.9690106898506,41683.78189542531,41627.46991290868
1097,103.92304845413264,861.0550348209175,4121.343647590606,4030.3917537312655
1098,103.92304845413264,110.21314816096428,135.7892730670729,79.320795839007
1099,103.92304845413264,125.84261278415184,174.14012164504376,120.36784775931098
1100,103.92304845413264,4480018.037681388,142121812.19935748,142051184.2302326
1101,103.92304845413264,1610.7268380226435,6327.185498008359,6118.728248539958
1102,103.92304845413264,172.13790331232534,336.4738013363911,289.10752537593646
1103,103.92304845413264,87.5951000265307,92.51077960110342,29.7547104463481
1104,109.54451150103323,104.14513849377006,109.33986183609682,33.30158426336791
1105,109.54451150103323,99.24102542872073,104.99763198836425,34.28879693165065
1106,109.54451150103323,408.30370027388165,485.40823623528405,262.5057030765343
1107,109.54451150103323,186.9000500320239,1265.4302551948883,1251.5518774947473
1108,109.54451150103323,55.023000655151,58.50891423789132,19.893779032656745
1109,109.54451150103323,149.1856109727807,164.0462527594635,68.22628909078904
1110,109.54451150103323,190.77140542371149,204.57534313631524,73.8738241327944
1111,109.54451150103323,112.55852849765311,122.3439028421296,47.94380278083347
1112,109.54451150103323,1248.500731371214,3969.817727363906,3768.3814446335277
1113,109.54451150103323,12745.634804584948,267260.23451176414,266956.1419872398
1114,109.54451150103323,147.51251785960557,273.3176425847765,230.0925701165059
1115,109.54451150103323,601.8227938955656,2141.2290474324045,2054.913905329374
1116,109.54451150103323,201.52494295542422,284.69351425279996,201.09225351669377
1117,109.54451150103323,499.49491353705486,8668.860991333802,8654.458718973676
1118,109.54451150103323,442.77633869827923,587.9167461060729,386.77540542399976
1119,109.54451150103323,297.5683208574133,774.8531036180444,715.4372275808795
1120,109.54451150103323,401.92966922745893,1011.8165397796279,928.5608494688566
1121,109.54451150103323,112.33248587801569,118.6710433951182,38.26524737867815
1122,118.32159566199232,150.40893115241676,170.9372575258653,81.22006796384471
1123,118.32159566199232,168.0663705376918,291.0318533823606,237.59889473113958
1124,118.32159566199232,215.7909785416076,243.0652562849041,111.87033741301387
1125,118.32159566199232,62.40003090575825,69.50566665554778,30.614928387839527
1126,118.32159566199232,113.37024224957169,120.03517260054288,39.44148619810817
1127,118.32159566199232,208.51273116975685,230.85654255801722,99.08170457743616
1128,118.32159566199232,1593.879468471842,25879.74826342095,25830.61978385388
1129,118.32159566199232,89.55161832317205,101.7344856509882,48.274353712629285
1130,118.32159566199232,104.91265449053977,109.54124171241718,31.50584967346265
1131,118.32159566199232,143.71797565932528,241.00311182682222,193.46225312085394
1132,118.32159566199232,106.21711504011378,111.90984087763728,35.23828823614066
1133,118.32159566199232,158.34338623694887,279.48445905023465,230.30183430797663
1134,129.6148139681572,110.88110722833756,117.61817191963486,39.23537212178185
1135,129.6148139681572,260.12634783958316,308.80727498271546,166.42180218315934
1136,129.6148139681572,835.1232483702362,2515.550905749503,2372.8812695642164
1137,129.6148139681572,209.7730853597931,396.7801027705215,336.79326390713123
1138,129.6148139681572,103.94298519244472,112.80591378759901,43.82955640590534
1139,129.6148139681572,105.01514295683644,110.15464381474555,33.254553127484165
1140,109.54451150103323,104.94687775325572,109.60655378675173,31.618815329662485
1141,109.54451150103323,155.345324212456,165.58129833297704,57.31488988876513
1142,109.54451150103323,323.6058662344422,357.51204211171876,151.9674425446044
1143,109.54451150103323,443.25694849324896,1475.2535216095105,1407.0878546251884
1144,109.54451150103323,918.6853395902518,2823.3183365192167,2669.6710801421927
1145,109.54451150103323,5683.330576189233,34410.69534646734,33938.11585502562
1146,109.54451150103323,82.93797479421667,90.14081821631024,35.308064882399975
1147,109.54451150103323,80.233026261847,85.23903723181841,28.781156423484685
1148,109.54451150103323,1364.2108971531445,4263.209805258875,4039.0452425968224
1149,109.54451150103323,209.0980314623074,329.8676531684437,255.12875542644065
1150,109.54451150103323,381.39643412051873,475.9044977457909,284.64337514656177
1151,109.54451150103323,187.71380188785727,575.4719785593388,543.9958884842847
1152,109.54451150103323,7192.083546928857,159516.23950748667,159354.022857485
1153,109.54451150103323,1480.402824122369,4850.129116433844,4618.675126528153
1154,109.54451150103323,127.12126543251551,533.0231334792536,517.6425839311119
1155,109.54451150103323,20560.527791281238,522983.1751000972,522578.86116329156
1156,114.89125293076057,112.20785615523967,121.94693487928426,47.75407776826433
1157,114.89125293076057,790.1552356451978,1646.0433199483707,1443.9921449679482
1158,114.89125293076057,87.59528856665945,94.31502951014616,34.96269744203676
1159,114.89125293076057,1535.155134511535,6155.683850471036,5961.186323202186
1160,114.89125293076057,170.58197201996882,235.81626486901803,162.82230067946296
1161,114.89125293076057,108.92808198815796,117.97343678501417,45.30347383202388
1162,114.89125293076057,1379.3038741845216,5397.637093334472,5218.429554377426
1163,114.89125293076057,77.61385936274426,84.2228123773751,32.70429573580024
1164,114.89125293076057,358.7439250910609,1231.4688656416115,1178.0570288635845
1165,114.89125293076057,70.67047430252569,76.64860489284094,29.67646700459637
1166,114.89125293076057,106.61680760347775,113.23434333623362,38.14279548264711
1167,114.89125293076057,4873.604059754422,58723.75366527357,58521.169058798514
1168,123.28828005937953,91.03801785494484,97.98822059519561,36.24597467934145
1169,123.28828005937953,118.02856443836029,153.02742230378638,97.39943507824474
1170,123.28828005937953,130.03313613924638,163.37606369343735,98.90966430917815
1171,123.28828005937953,124.16077471296981,131.32435376602916,42.780695585045514
1172,123.28828005937953,233.87786194178446,852.8195124528389,820.1233239664858
1173,123.28828005937953,264.9905993077234,468.55012009517776,386.41842259361687
1174,123.28828005937953,104.80236976790947,109.83239019754541,32.85752923663378
1175,123.28828005937953,447.98022804543007,1622.8315481880343,1559.774326328888
1176,134.16407864998737,174.94438349173927,542.5179317553172,513.5369207377033
1177,134.16407864998737,156.54554731018175,200.35473840726056,125.04204420752824
1178,134.16407864998737,165.74773972179668,237.0409143022091,169.45820083531743
1179,134.16407864998737,110.06320051146399,124.50282698123773,58.19833175867921
1180,118.32159566199232,599.2996777851255,727.3693770361942,412.1966846745202
1181,118.32159566199232,11.935503040926898,12.872602340596359,4.821582538871609
1182,118.32159566199232,178.69980927025114,203.20007621306067,96.72977380191443
1183,118.32159566199232,41.57817182651062,45.64541540823179,18.835062393185833
1184,118.32159566199232,1930.5119754555267,3192.1791272052847,2542.268886799327
1185,118.32159566199232,210.21208829931524,517.8209086737971,473.2328933966846
1186,118.32159566199232,102.00048381944688,108.48089364506808,36.93244625842335
1187,118.32159566199232,98.51535595230204,104.27346463741516,34.171334025488335
1188,123.28828005937953,86.51365088110673,94.4371181510445,37.86499037232573
1189,123.28828005937953,112.15201600575666,121.17856814635236,45.893035243320554
1190,123.28828005937953,51.95378975698329,55.52565831106982,19.593429020078517
1191,123.28828005937953,297.0217903539334,348.7706310251563,182.80866806754477
1192,123.28828005937953,743.2343003289416,14756.287558463819,14737.558321611104
1193,123.28828005937953,863.4877400313701,3025.9881852681124,2900.171274286696
1194,131.14877048604,99.57681630662896,108.91238821808926,44.11763776091901
1195,131.14877048604,15.710958545798206,16.890560924213943,6.201357102021566
1196,131.14877048604,46.217255392817826,49.231235375668234,16.961127337812734
1197,131.14877048604,515.7353076691026,1510.3185598501125,1419.5348691212814
1198,141.4213562373095,11.21979307426998,12.157275895762924,4.681410105541018
1199,141.4213562373095,8.888377142484025,9.776805628088324,4.072183697033697
1200,123.28828005937953,95.29612689003469,107.19334821157159,49.082197389335036
1201,123.28828005937953,975.8256418231928,2818.989587659178,2644.7053923057697
1202,123.28828005937953,404.1994585463291,2711.952685536472,2681.661829220705
1203,123.28828005937953,234.9988634666223,259.9635890352424,111.16025275915945
1204,123.28828005937953,361.0541202898731,460.0576843509366,285.1192647858995
1205,123.28828005937953,3465.580626621943,16961.70766401267,16603.893453037115
1206,123.28828005937953,140.2070976940471,150.45523169283726,54.577893876159024
1207,123.28828005937953,75.67480503283606,81.25736657285827,29.59870783662889
1208,123.28828005937953,17.486304255285706,18.841189974252757,7.0156684027581875
1209,123.28828005937953,1103.6506418782226,4645.807058377023,4512.81270211246
1210,123.28828005937953,4070.52932553614,67112.44768761154,66988.89031497945
1211,123.28828005937953,161.89394331507714,307.26808227186285,261.15900425013655
1212,128.06248474865697,1044.2409836496,3030.4106252674933,2844.810947286416
1213,128.06248474865697,92.84547363972686,100.41313144203968,38.24284234482481
1214,128.06248474865697,227.4404697873553,416.80708269816887,349.28351935106423
1215,128.06248474865697,38.97586548252671,42.495557318126714,16.93382123639483
1216,128.06248474865697,114.03832899404908,145.20908529467255,89.89403746834665
1217,128.06248474865697,135.75639808791237,147.44048344175746,57.52300875072006
1218,128.06248474865697,413.1183085632132,529.1915331721132,330.7218497633948
1219,128.06248474865697,766.3299980031089,2618.7545941550684,2504.1193978260767
1220,128.06248474865697,76.69683474261237,81.24603333197972,26.80510161602762
1221,135.64659966250537,117.16817457395481,125.18157975514364,44.06865980490719
1222,135.64659966250537,163.4663666526737,364.5416804018031,325.8364370716449
1223,135.64659966250537,6552.597794136525,85219.08423649154,84966.79222057592
1224,135.64659966250537,104.27673184119585,111.11628632437503,38.38218705389029
1225,135.64659966250537,3692.61916648117,33666.29793650803,33463.176484623524
1226,135.64659966250537,2663.00379801211,7792.395811607669,7323.239942575541
1227,145.60219778561037,358.55842131384566,473.01091486678393,308.50475537345403
1228,145.60219778561037,89.64355078349475,96.92928704827969,36.86896378547677
1229,145.60219778561037,59.49128262163365,62.96084647064577,20.612022713288876
1230,128.06248474865697,173.13982409554154,350.2862511966716,304.50461259163654
1231,128.06248474865697,107.75028632900982,114.42297512928506,38.50315614924814
1232,128.06248474865697,206.01035398975807,399.7621220496002,342.5923062104781
1233,128.06248474865697,84.7492173525483,92.470689754971,36.991872376112916
1234,128.06248474865697,110.50425498874823,116.63594497718478,37.31960999397755
1235,128.06248474865697,156.59199179082876,299.5395735065368,255.3485935020183
1236,128.06248474865697,885.5334415395234,3111.2966911096505,2982.6159028653065
1237,128.06248474865697,98.37661837699028,104.35780785799147,34.82230632272201
1238,132.664991614216,606.0473620713313,859.2417755734668,609.1001755187931
1239,132.664991614216,1442.2654534170329,3403.4924669449942,3082.796025433905
1240,132.664991614216,142.5816790070022,160.40208832661892,73.47989351574104
1241,132.664991614216,2150.6855095309766,12445.99823511076,12258.769265610379
1242,132.664991614216,136.93349825823185,151.8477239855022,65.6273444102386
1243,132.664991614216,15.684831152964138,17.253920209597577,7.189146980147597
1244,140.0,30.591418300665367,33.38173897333964,13.360599658619318
1245,140.0,6.587950967751932,7.222060060170437,2.9592319204829796
1246,140.0,116.52941702182162,145.14464446985107,86.53243777239757
1247,140.0,297.3855190078179,376.7588194670134,231.32025663704496
1248,149.66629547095766,17.207959974980522,18.36506297114073,6.415734676047057
1249,149.66629547095766,5.635486060703082,6.074862894212289,2.2683156841803513
1250,135.64659966250537,1267.5832820392825,3283.1075030053353,3028.535537084624
1251,135.64659966250537,17.88763948721409,19.133422707689732,6.791186795148263
1252,135.64659966250537,121.36969254726817,132.96434839269298,54.30391951300601
1253,135.64659966250537,594.6356409783135,1650.891160198373,1540.0811917880956
1254,140.0,1432.744580538963,5004.126374776658,4794.634891383453
1255,140.0,1704.963934648891,39877.40094935184,39840.93628991309
1256,140.0,106.60978510920151,114.18284636130264,40.89102740380485
1257,146.9693845669907,104.39560144924893,109.10506306040402,31.709197143168318
1258,146.9693845669907,5.885494690535816,6.445749524600613,2.628429033008834
1259,156.20499351813308,357.6638725952649,1042.030077398957,978.725312048398
